FirstName,LastName,Phone,Email
Jennifer,Vasquez,7612776248,jennifer.vasquez@hotmail.com
Michael,Johnson,7802812677,michael.johnson@yahoo.com
Tricia,Griffin,1670304853,tricia.griffin@hotmail.com
Alisha,White,2946549127,alisha.white@yahoo.com
Barbara,Rodriguez,2047646287,barbara.rodriguez@hotmail.com
Morgan,Madden,9746283465,morgan.madden@gmail.com
Erica,Mckinney,9926790497,erica.mckinney@yahoo.com
Larry,Joseph,2467292963,larry.joseph@hotmail.com
Katherine,May,9922410190,katherine.may@gmail.com
Brian,Huff,2365231104,brian.huff@hotmail.com
Kenneth,Sullivan,9985719711,kenneth.sullivan@yahoo.com
Brandon,Walton,7385797653,brandon.walton@hotmail.com
Emma,Bradshaw,8646801237,emma.bradshaw@yahoo.com
Morgan,Lewis,2645863370,morgan.lewis@yahoo.com
Thomas,Paul,1499292469,thomas.paul@gmail.com
Stephen,Villarreal,6265330112,stephen.villarreal@gmail.com
Joshua,Gardner,9318644981,joshua.gardner@yahoo.com
Donna,Heath,3555170634,donna.heath@yahoo.com
Tiffany,Anderson,1807899159,tiffany.anderson@hotmail.com
Patricia,Bailey,8260671326,patricia.bailey@hotmail.com
Mary,Waller,1632742765,mary.waller@gmail.com
Jennifer,Alvarado,8755910370,jennifer.alvarado@gmail.com
Sierra,Moody,1698209893,sierra.moody@hotmail.com
Felicia,Parker,5394457049,felicia.parker@hotmail.com
Angela,Blackwell,2464270033,angela.blackwell@gmail.com
Angela,Thomas,8436198828,angela.thomas@yahoo.com
James,Hodges,6573961617,james.hodges@hotmail.com
Vanessa,Faulkner,1910009138,vanessa.faulkner@yahoo.com
Kayla,Wyatt,9920451937,kayla.wyatt@hotmail.com
Caleb,Scott,3048921502,caleb.scott@gmail.com
Justin,Reeves,7298901450,justin.reeves@gmail.com
Lindsay,Choi,6887106257,lindsay.choi@yahoo.com
Carlos,Burns,3229710993,carlos.burns@yahoo.com
Alexis,Kelley,5351672255,alexis.kelley@hotmail.com
Daniel,Leblanc,6045244573,daniel.leblanc@hotmail.com
Daniel,Ward,4864480590,daniel.ward@hotmail.com
Charles,Guerrero,9662462102,charles.guerrero@yahoo.com
Thomas,Smith,1344969313,thomas.smith@yahoo.com
Joseph,Cook,5968693062,joseph.cook@hotmail.com
Richard,Wood,5176977897,richard.wood@hotmail.com
Frank,Knight,8457527144,frank.knight@yahoo.com
Samantha,Mendoza,8654356643,samantha.mendoza@hotmail.com
Jessica,Brown,3327233280,jessica.brown@yahoo.com
Christopher,Whitaker,3113836068,christopher.whitaker@gmail.com
Shannon,Burns,3124610126,shannon.burns@yahoo.com
David,Simpson,6290721475,david.simpson@hotmail.com
John,Miller,1206208963,john.miller@gmail.com
Sandra,Franklin,5958245332,sandra.franklin@yahoo.com
George,Rogers,9854744122,george.rogers@gmail.com
Jacob,Lam,9626547697,jacob.lam@hotmail.com
Thomas,Hayes,1437053664,thomas.hayes@hotmail.com
William,Hill,8512442351,william.hill@yahoo.com
Megan,Murphy,8946578141,megan.murphy@hotmail.com
Carl,Jones,5851584682,carl.jones@yahoo.com
Linda,Martinez,5576889445,linda.martinez@gmail.com
Shawn,Malone,9107295108,shawn.malone@gmail.com
Bradley,Mcmahon,6443971841,bradley.mcmahon@yahoo.com
Jared,Jones,1142065551,jared.jones@hotmail.com
Sean,Brennan,8983820804,sean.brennan@hotmail.com
John,Sanchez,9059137585,john.sanchez@gmail.com
Jessica,Silva,3645333300,jessica.silva@hotmail.com
Jonathan,Brennan,8366443810,jonathan.brennan@hotmail.com
Ruth,Smith,6016822834,ruth.smith@hotmail.com
Robin,Vang,9775549501,robin.vang@yahoo.com
Stephanie,Moreno,5297002607,stephanie.moreno@hotmail.com
James,Pruitt,5378873074,james.pruitt@hotmail.com
Samuel,White,2273920813,samuel.white@yahoo.com
Robert,Taylor,9690619128,robert.taylor@yahoo.com
Michael,Johnson,3047826832,michael.johnson@yahoo.com
Marie,Clark,9225461546,marie.clark@hotmail.com
Laura,Hoffman,5717148271,laura.hoffman@hotmail.com
Deborah,White,8243703129,deborah.white@yahoo.com
Dwayne,Johnson,7753140457,dwayne.johnson@hotmail.com
Charles,Osborne,6618816610,charles.osborne@gmail.com
Kenneth,Fields,6099673149,kenneth.fields@yahoo.com
Jamie,Ball,6070156272,jamie.ball@yahoo.com
Ryan,Herman,7874254913,ryan.herman@gmail.com
Harold,Goodwin,5394511303,harold.goodwin@gmail.com
Mark,Robles,6534848168,mark.robles@hotmail.com
Lisa,Landry,7684235749,lisa.landry@gmail.com
Angela,Henderson,3416251827,angela.henderson@yahoo.com
Jessica,Lewis,1819680395,jessica.lewis@gmail.com
Gregory,Fox,7242149007,gregory.fox@hotmail.com
Rebecca,Foster,5626653954,rebecca.foster@yahoo.com
Gail,Schaefer,5188250776,gail.schaefer@yahoo.com
Robert,Guerrero,9358805098,robert.guerrero@yahoo.com
William,Mcdaniel,7513595002,william.mcdaniel@hotmail.com
Alicia,Reed,6992774654,alicia.reed@gmail.com
Misty,Patterson,6293247997,misty.patterson@yahoo.com
Paula,Phillips,8770640955,paula.phillips@gmail.com
Lisa,Fletcher,9804450583,lisa.fletcher@hotmail.com
Kristina,Foster,9147695339,kristina.foster@yahoo.com
Claire,Wade,8366783274,claire.wade@hotmail.com
Robin,Dixon,8563413826,robin.dixon@yahoo.com
Jerry,Jackson,7425468656,jerry.jackson@hotmail.com
David,Welch,8857991933,david.welch@gmail.com
Michael,Leonard,8239718148,michael.leonard@yahoo.com
Matthew,Simpson,2484070808,matthew.simpson@yahoo.com
Donna,Myers,9398137808,donna.myers@yahoo.com
Reginald,Rich,8130795864,reginald.rich@hotmail.com
Michael,Stewart,4843328381,michael.stewart@gmail.com
Christopher,Miles,6911801534,christopher.miles@hotmail.com
Joshua,Barnett,2613356224,joshua.barnett@gmail.com
Ashley,Hooper,6720547220,ashley.hooper@gmail.com
Victoria,Cook,9272021666,victoria.cook@yahoo.com
James,Henderson,1079959262,james.henderson@gmail.com
Michelle,Watson,6240722147,michelle.watson@gmail.com
Andrew,Grant,2901466075,andrew.grant@hotmail.com
Kevin,Gallegos,6948897401,kevin.gallegos@hotmail.com
Austin,Berry,8089408779,austin.berry@gmail.com
John,Lynch,8082264573,john.lynch@hotmail.com
Joseph,Rodriguez,2649276818,joseph.rodriguez@gmail.com
Maria,Perez,3397357201,maria.perez@hotmail.com
Dawn,Turner,6769257365,dawn.turner@gmail.com
Daniel,Harper,3097683171,daniel.harper@yahoo.com
Roger,Novak,4981030754,roger.novak@yahoo.com
Kathryn,Love,1783610886,kathryn.love@hotmail.com
Joshua,Sanchez,4984592136,joshua.sanchez@yahoo.com
Angela,Ellis,8933902227,angela.ellis@hotmail.com
Crystal,Nelson,1733899692,crystal.nelson@hotmail.com
Jennifer,King,5155936993,jennifer.king@yahoo.com
Joanne,Griffith,8813913258,joanne.griffith@hotmail.com
Samantha,Rodriguez,5950893390,samantha.rodriguez@hotmail.com
Maria,Fletcher,7428808300,maria.fletcher@hotmail.com
Mary,Francis,1506415975,mary.francis@gmail.com
Mary,Scott,6265963888,mary.scott@gmail.com
Samantha,Hernandez,2092653476,samantha.hernandez@hotmail.com
Jerry,Potts,6927783015,jerry.potts@hotmail.com
Austin,Schmidt,5401662489,austin.schmidt@hotmail.com
Nicholas,Greene,8555445444,nicholas.greene@yahoo.com
Kimberly,Long,1288851040,kimberly.long@gmail.com
David,Clark,3221837331,david.clark@gmail.com
Amanda,Miller,4367721614,amanda.miller@yahoo.com
Taylor,Best,4170186831,taylor.best@gmail.com
Amanda,Martin,6367203757,amanda.martin@gmail.com
Justin,Klein,2406624652,justin.klein@yahoo.com
Amanda,Shah,4170128383,amanda.shah@hotmail.com
Alex,Boone,8707709135,alex.boone@hotmail.com
Michael,Williams,4893022379,michael.williams@gmail.com
Denise,Garcia,2393473263,denise.garcia@yahoo.com
Scott,Martin,1044133743,scott.martin@hotmail.com
Adriana,Sullivan,5782609098,adriana.sullivan@gmail.com
Connie,Stewart,1382639042,connie.stewart@yahoo.com
Michaela,Hall,9332263619,michaela.hall@hotmail.com
Ashley,Davidson,1971347380,ashley.davidson@gmail.com
Tanya,Santiago,2717329145,tanya.santiago@hotmail.com
Rachel,Coleman,9206920167,rachel.coleman@gmail.com
Steven,Graham,9337677297,steven.graham@hotmail.com
Stephanie,Jackson,5692843297,stephanie.jackson@yahoo.com
James,Beltran,5268654344,james.beltran@gmail.com
Jennifer,Le,9435245034,jennifer.le@yahoo.com
Glenn,Cox,1324089794,glenn.cox@hotmail.com
Martha,Decker,6837881297,martha.decker@hotmail.com
Ryan,Chang,2610989190,ryan.chang@yahoo.com
Michael,Bowen,7269499093,michael.bowen@gmail.com
Brian,Peterson,6380734579,brian.peterson@gmail.com
Anthony,Hudson,2070039327,anthony.hudson@hotmail.com
Deanna,Mccoy,5265050785,deanna.mccoy@yahoo.com
Joshua,Garcia,5450457368,joshua.garcia@gmail.com
Alejandro,Cox,4441797260,alejandro.cox@yahoo.com
Jeremy,Watson,2399303132,jeremy.watson@yahoo.com
Michael,Mcintyre,4532879291,michael.mcintyre@yahoo.com
Kelly,Vang,9273563681,kelly.vang@hotmail.com
Mark,Reid,5058065882,mark.reid@hotmail.com
Eileen,Hall,6129137613,eileen.hall@yahoo.com
Christopher,Hale,9057045602,christopher.hale@hotmail.com
David,Montes,4872276112,david.montes@hotmail.com
Julia,Perry,7994073943,julia.perry@hotmail.com
Tiffany,Booth,2210163148,tiffany.booth@yahoo.com
Dale,Wang,2795315589,dale.wang@gmail.com
Dennis,Bright,4511898252,dennis.bright@hotmail.com
Cody,Chambers,2688482152,cody.chambers@yahoo.com
Elizabeth,Brown,5702913276,elizabeth.brown@yahoo.com
Caitlyn,Pierce,4020070377,caitlyn.pierce@gmail.com
Jimmy,Espinoza,9477562323,jimmy.espinoza@gmail.com
Dale,Blake,3101169362,dale.blake@gmail.com
Jamie,Griffin,6345883077,jamie.griffin@yahoo.com
Ralph,Baker,6432579000,ralph.baker@yahoo.com
Peter,Miller,1151072808,peter.miller@hotmail.com
Sara,Howard,5892705248,sara.howard@hotmail.com
Andrew,Atkins,9049691694,andrew.atkins@gmail.com
Brandon,Jones,8068056543,brandon.jones@yahoo.com
Kathleen,Blake,5514522032,kathleen.blake@gmail.com
Karen,Bernard,5561291128,karen.bernard@gmail.com
Robin,Holt,7272762319,robin.holt@yahoo.com
James,Hill,4762427732,james.hill@hotmail.com
Emily,Mcbride,4600269649,emily.mcbride@yahoo.com
Ashley,Mcmillan,1900387099,ashley.mcmillan@gmail.com
Heather,Silva,7695585007,heather.silva@yahoo.com
Julie,Pham,3911144880,julie.pham@gmail.com
Derrick,Medina,7519812802,derrick.medina@gmail.com
Erika,Adams,3017820570,erika.adams@hotmail.com
David,Palmer,3151365063,david.palmer@hotmail.com
Alyssa,Daugherty,1947863006,alyssa.daugherty@hotmail.com
Karen,Davis,7122324450,karen.davis@hotmail.com
Christopher,Guzman,9120621866,christopher.guzman@yahoo.com
Theresa,Garcia,6983746017,theresa.garcia@yahoo.com
Danielle,Lee,7799038824,danielle.lee@hotmail.com
Chad,Thornton,7624840783,chad.thornton@hotmail.com
Kimberly,Walton,3667435956,kimberly.walton@hotmail.com
Jim,Clarke,8932175952,jim.clarke@gmail.com
Jason,Moreno,3865316898,jason.moreno@yahoo.com
Christine,King,5880850476,christine.king@yahoo.com
Maurice,Sims,3934481993,maurice.sims@gmail.com
Emma,Flores,6335880184,emma.flores@yahoo.com
Melissa,Heath,8933372235,melissa.heath@gmail.com
Taylor,Fowler,7800189010,taylor.fowler@hotmail.com
Joanna,Clark,7340502799,joanna.clark@hotmail.com
Dwayne,Reed,2399616004,dwayne.reed@hotmail.com
Brian,Miller,9722464855,brian.miller@gmail.com
Maria,Johnson,4559999735,maria.johnson@hotmail.com
Marvin,Villa,7645360648,marvin.villa@yahoo.com
Lisa,Ellison,9203234345,lisa.ellison@yahoo.com
Steven,Lucas,7329634261,steven.lucas@hotmail.com
Peggy,Montes,6845207227,peggy.montes@hotmail.com
April,Graham,6902356311,april.graham@gmail.com
John,Medina,2964876105,john.medina@hotmail.com
Thomas,Parsons,1786467093,thomas.parsons@gmail.com
Sean,Johnson,7833313169,sean.johnson@hotmail.com
Samantha,Perez,3892226456,samantha.perez@yahoo.com
Christopher,Jones,6763373334,christopher.jones@hotmail.com
Bryan,Bruce,9319209383,bryan.bruce@hotmail.com
Kayla,Joseph,4380643028,kayla.joseph@gmail.com
Anna,Eaton,2869846181,anna.eaton@gmail.com
William,Taylor,6494566814,william.taylor@gmail.com
Austin,Davis,5625023440,austin.davis@gmail.com
Samantha,Mills,4661437774,samantha.mills@gmail.com
Eric,Mitchell,6571504531,eric.mitchell@gmail.com
Jennifer,Mason,4765923592,jennifer.mason@gmail.com
Carlos,Malone,3562907509,carlos.malone@yahoo.com
Matthew,Brown,9785690760,matthew.brown@yahoo.com
David,Hamilton,9698252288,david.hamilton@yahoo.com
Kimberly,West,5919170220,kimberly.west@yahoo.com
Mason,Hogan,1157156891,mason.hogan@gmail.com
Kelly,Peterson,2174164865,kelly.peterson@gmail.com
Kylie,Schroeder,3779884263,kylie.schroeder@yahoo.com
Carlos,Jackson,6529329233,carlos.jackson@yahoo.com
Cynthia,Nelson,7499593718,cynthia.nelson@yahoo.com
Kelly,Anderson,6231219674,kelly.anderson@gmail.com
Donald,Conley,2024974600,donald.conley@gmail.com
Timothy,Johnston,6567274926,timothy.johnston@gmail.com
Tammy,Wagner,2535834425,tammy.wagner@yahoo.com
Sandy,Allen,1419032617,sandy.allen@gmail.com
Nina,Jackson,3405549735,nina.jackson@hotmail.com
John,Cross,4882454546,john.cross@hotmail.com
Christy,Hampton,4137010077,christy.hampton@yahoo.com
Amy,Smith,2448984796,amy.smith@yahoo.com
Raymond,Bennett,4460917697,raymond.bennett@yahoo.com
Steven,Carlson,3020121534,steven.carlson@hotmail.com
Chad,Orr,4431286241,chad.orr@yahoo.com
Ruben,Jones,8283984820,ruben.jones@hotmail.com
Jennifer,Olson,2679467571,jennifer.olson@hotmail.com
Ruth,Roberts,1590666455,ruth.roberts@hotmail.com
Jason,Whitaker,6893798046,jason.whitaker@hotmail.com
Andrew,Harris,8288470770,andrew.harris@hotmail.com
Samantha,Woods,8687813564,samantha.woods@yahoo.com
Isabella,Huang,1012677279,isabella.huang@gmail.com
Jeffery,Warren,9614351052,jeffery.warren@yahoo.com
Dale,Thompson,2609376009,dale.thompson@gmail.com
Cassandra,Frazier,2512999609,cassandra.frazier@gmail.com
Paula,Armstrong,7323248724,paula.armstrong@gmail.com
Cynthia,Parker,1559472854,cynthia.parker@hotmail.com
Jennifer,Dunn,1224465313,jennifer.dunn@hotmail.com
Aaron,Moody,4834139868,aaron.moody@yahoo.com
Randy,Wells,3696402941,randy.wells@hotmail.com
Jesus,Barnes,8773462439,jesus.barnes@hotmail.com
Sally,Hall,2525995900,sally.hall@hotmail.com
Richard,Morris,5890042203,richard.morris@gmail.com
Mark,Robertson,6927523102,mark.robertson@hotmail.com
Kaitlyn,Bailey,5711309753,kaitlyn.bailey@yahoo.com
Micheal,Dickerson,2172405862,micheal.dickerson@yahoo.com
Rhonda,Schultz,2320524190,rhonda.schultz@hotmail.com
Alexis,Warren,7868670423,alexis.warren@hotmail.com
Andrew,Wright,9619484921,andrew.wright@hotmail.com
John,Avila,3953012570,john.avila@gmail.com
Christopher,Lambert,3579187597,christopher.lambert@yahoo.com
James,Cook,4176789487,james.cook@hotmail.com
David,Grant,8632912945,david.grant@hotmail.com
Eric,Mitchell,4988537572,eric.mitchell@hotmail.com
Michael,Gonzalez,7305761358,michael.gonzalez@yahoo.com
Sierra,Brown,1570296268,sierra.brown@gmail.com
Stephanie,Adams,4433132481,stephanie.adams@yahoo.com
Henry,Mcdowell,7102666266,henry.mcdowell@yahoo.com
Andrew,Evans,9177381905,andrew.evans@yahoo.com
Nancy,Archer,8223824635,nancy.archer@hotmail.com
Jonathan,Hammond,9841041829,jonathan.hammond@hotmail.com
Heather,Smith,7987741170,heather.smith@gmail.com
Robert,Ballard,9806318960,robert.ballard@hotmail.com
Jonathan,Mann,3050110177,jonathan.mann@yahoo.com
Matthew,Klein,3147021574,matthew.klein@gmail.com
Brenda,Nguyen,7842218594,brenda.nguyen@gmail.com
Paul,Beck,5645597005,paul.beck@gmail.com
Jennifer,Brown,9321915439,jennifer.brown@gmail.com
Matthew,Holder,3564954086,matthew.holder@gmail.com
Michael,Smith,2213869907,michael.smith@gmail.com
Michael,Cooley,2318853198,michael.cooley@yahoo.com
Michele,Harper,8096733824,michele.harper@hotmail.com
Thomas,Elliott,7001863163,thomas.elliott@hotmail.com
Julie,Moore,1657458120,julie.moore@gmail.com
Heather,Graves,1267213403,heather.graves@yahoo.com
Kelly,Shaw,3291967347,kelly.shaw@yahoo.com
Elizabeth,Matthews,1531538209,elizabeth.matthews@yahoo.com
Luis,Bender,6681932067,luis.bender@gmail.com
Anthony,Roberts,6361604758,anthony.roberts@hotmail.com
Daniel,Davis,2600084065,daniel.davis@hotmail.com
Jacqueline,Taylor,9959635488,jacqueline.taylor@yahoo.com
Benjamin,Roberts,1441258008,benjamin.roberts@hotmail.com
Daniel,Murphy,8172693487,daniel.murphy@yahoo.com
Justin,Johnson,6629607148,justin.johnson@hotmail.com
Michael,Cordova,4869037995,michael.cordova@yahoo.com
Nicole,Bradley,8040489506,nicole.bradley@gmail.com
Jason,Watson,5297340548,jason.watson@hotmail.com
William,Rivers,6315423400,william.rivers@yahoo.com
Shelby,White,7204468779,shelby.white@gmail.com
David,Black,5567630248,david.black@gmail.com
Timothy,Davila,2106654705,timothy.davila@yahoo.com
Melissa,Davis,5318586900,melissa.davis@hotmail.com
Carla,Barry,5150124601,carla.barry@hotmail.com
Caitlin,Page,5815087858,caitlin.page@hotmail.com
Michael,Harper,7628900213,michael.harper@hotmail.com
Lindsay,Keller,8025985252,lindsay.keller@gmail.com
Jared,Brown,7898843186,jared.brown@hotmail.com
Laura,Dyer,2015952331,laura.dyer@yahoo.com
Kyle,Morris,3213499713,kyle.morris@gmail.com
Angela,Harris,2616743878,angela.harris@yahoo.com
Michael,Ramirez,9974968174,michael.ramirez@hotmail.com
Crystal,Grant,6736397645,crystal.grant@hotmail.com
Anthony,Anderson,1633577955,anthony.anderson@yahoo.com
Brian,Wilcox,8707592101,brian.wilcox@yahoo.com
Jacob,Rodriguez,3486699935,jacob.rodriguez@gmail.com
Marcia,Walker,4376230514,marcia.walker@hotmail.com
Rhonda,Gill,8131034054,rhonda.gill@yahoo.com
Tracy,Rojas,2371683524,tracy.rojas@hotmail.com
Joseph,Hamilton,7605728111,joseph.hamilton@yahoo.com
Brittney,Foster,2342643629,brittney.foster@yahoo.com
Anthony,Mitchell,9470591457,anthony.mitchell@gmail.com
Jacob,Hansen,9562693300,jacob.hansen@yahoo.com
Nicholas,Clark,3927020661,nicholas.clark@gmail.com
Brandon,Clarke,9788205830,brandon.clarke@gmail.com
Manuel,Bailey,8970438528,manuel.bailey@hotmail.com
Christine,Ortiz,5263979440,christine.ortiz@gmail.com
Tammy,Taylor,1343906101,tammy.taylor@gmail.com
Edward,Smith,5679823233,edward.smith@hotmail.com
Paula,Poole,2278603162,paula.poole@yahoo.com
Patricia,Davis,9005302415,patricia.davis@hotmail.com
Crystal,Simpson,5915769589,crystal.simpson@hotmail.com
Latoya,Weeks,2840068698,latoya.weeks@hotmail.com
Jay,Hamilton,3670111200,jay.hamilton@gmail.com
Jennifer,Torres,6520477092,jennifer.torres@hotmail.com
Peter,Harris,4310368831,peter.harris@hotmail.com
Joseph,Medina,1784075769,joseph.medina@gmail.com
Tammy,Brown,6519217495,tammy.brown@hotmail.com
Dustin,Wells,4585056735,dustin.wells@gmail.com
Mary,Weaver,7217435228,mary.weaver@hotmail.com
Tina,Ford,4409654311,tina.ford@gmail.com
Daniel,Brown,3704956730,daniel.brown@yahoo.com
Jennifer,Davis,9673159317,jennifer.davis@yahoo.com
Maria,Barker,7148223134,maria.barker@yahoo.com
Michelle,Barton,3864286098,michelle.barton@yahoo.com
Justin,Scott,5004015167,justin.scott@yahoo.com
Lindsey,Patel,6448529755,lindsey.patel@yahoo.com
Roger,Newman,7897781956,roger.newman@hotmail.com
Shawn,Cannon,6686117022,shawn.cannon@hotmail.com
Aaron,Burns,6649609600,aaron.burns@hotmail.com
Michael,Powell,1177432947,michael.powell@yahoo.com
Aaron,Raymond,4799080815,aaron.raymond@yahoo.com
Alexander,Nolan,6114360049,alexander.nolan@gmail.com
David,Valdez,5235791887,david.valdez@yahoo.com
Stephanie,Wright,2815625282,stephanie.wright@hotmail.com
William,Brooks,8065191665,william.brooks@gmail.com
Kathleen,Whitney,8069219035,kathleen.whitney@hotmail.com
Julie,Thompson,7201432120,julie.thompson@hotmail.com
Rebecca,Patterson,7270711332,rebecca.patterson@yahoo.com
Eugene,Martinez,9138937124,eugene.martinez@yahoo.com
Candice,Perez,3391213340,candice.perez@yahoo.com
John,Taylor,7816340556,john.taylor@gmail.com
Barry,Anderson,4444235516,barry.anderson@yahoo.com
Nathan,Collins,1313339802,nathan.collins@gmail.com
Makayla,Johnson,8616600799,makayla.johnson@hotmail.com
Kelly,Franklin,7390311572,kelly.franklin@gmail.com
Timothy,Davis,7155226502,timothy.davis@yahoo.com
Jessica,Murillo,9361036629,jessica.murillo@yahoo.com
Jared,Montoya,5175527003,jared.montoya@gmail.com
Reginald,Abbott,5204136271,reginald.abbott@gmail.com
Kevin,Delacruz,3006753126,kevin.delacruz@hotmail.com
Raymond,Kelly,1086169839,raymond.kelly@hotmail.com
Cindy,Clark,9934842458,cindy.clark@gmail.com
Amy,Walker,2593793471,amy.walker@hotmail.com
Rachel,Schaefer,6716074665,rachel.schaefer@hotmail.com
Bethany,Rice,9572551787,bethany.rice@yahoo.com
Larry,Zavala,9140914161,larry.zavala@gmail.com
Sarah,Stewart,8785017746,sarah.stewart@hotmail.com
Molly,Jackson,7573413447,molly.jackson@hotmail.com
Jonathan,Williamson,2996464635,jonathan.williamson@yahoo.com
Rita,Foley,8879902425,rita.foley@hotmail.com
Alyssa,Webb,5619617143,alyssa.webb@hotmail.com
Christy,Baker,7559290781,christy.baker@hotmail.com
Ashley,Banks,9625202209,ashley.banks@gmail.com
Jesus,Perry,1782891279,jesus.perry@hotmail.com
Joshua,Thomas,3241630558,joshua.thomas@yahoo.com
Pamela,Sampson,2682471635,pamela.sampson@yahoo.com
Jay,Miller,8352910548,jay.miller@yahoo.com
Eric,Lewis,1335441449,eric.lewis@gmail.com
John,Hughes,8433210012,john.hughes@gmail.com
Michael,Gordon,2658682967,michael.gordon@hotmail.com
Natalie,Rogers,6037814688,natalie.rogers@gmail.com
Elizabeth,Christian,3718066257,elizabeth.christian@gmail.com
Jessica,Ortiz,4402513908,jessica.ortiz@yahoo.com
Kayla,Wolf,2863760971,kayla.wolf@gmail.com
Gregory,Acevedo,6799593800,gregory.acevedo@gmail.com
Joseph,Hernandez,4526943978,joseph.hernandez@yahoo.com
Shawn,Salazar,7332420233,shawn.salazar@hotmail.com
Lydia,Ayala,1175903900,lydia.ayala@yahoo.com
Diane,Jones,5389013931,diane.jones@yahoo.com
Jasmine,Mora,9654702493,jasmine.mora@hotmail.com
Joseph,Johnson,1315063685,joseph.johnson@yahoo.com
Lisa,Bullock,7518654448,lisa.bullock@hotmail.com
Jennifer,Grimes,7144965815,jennifer.grimes@gmail.com
Renee,Dillon,5186402261,renee.dillon@hotmail.com
Audrey,Hill,3706761075,audrey.hill@yahoo.com
Sharon,Jackson,4501304550,sharon.jackson@yahoo.com
Michael,Smith,6886334007,michael.smith@gmail.com
Julia,Wright,8944911731,julia.wright@yahoo.com
Patricia,Walker,2649920595,patricia.walker@yahoo.com
Emily,Dennis,3237942044,emily.dennis@hotmail.com
Jeffery,Taylor,3379170067,jeffery.taylor@hotmail.com
Bill,Esparza,7278693452,bill.esparza@gmail.com
Nathan,Flores,4020208578,nathan.flores@yahoo.com
Brittany,Santos,4342903209,brittany.santos@yahoo.com
Jennifer,Green,9075016274,jennifer.green@hotmail.com
Rodney,Webb,3960005931,rodney.webb@gmail.com
Kathleen,Adams,1667160363,kathleen.adams@yahoo.com
Joel,Snyder,3106843360,joel.snyder@yahoo.com
Diana,Hernandez,5295190578,diana.hernandez@gmail.com
Crystal,Perry,1143648872,crystal.perry@yahoo.com
Deborah,Olson,6993888088,deborah.olson@yahoo.com
Lawrence,Moore,1915419960,lawrence.moore@yahoo.com
Jennifer,Davis,6208960841,jennifer.davis@hotmail.com
Linda,Sanchez,8269580300,linda.sanchez@hotmail.com
Daniel,Chandler,2607761342,daniel.chandler@yahoo.com
Vickie,Rodriguez,4153990495,vickie.rodriguez@gmail.com
Allison,Wood,8020555244,allison.wood@gmail.com
Steven,Smith,2470764665,steven.smith@gmail.com
Susan,Acevedo,9936453334,susan.acevedo@hotmail.com
Melanie,Jackson,1676179214,melanie.jackson@gmail.com
Jacob,Powell,4532204058,jacob.powell@hotmail.com
Joshua,Mathis,8448203859,joshua.mathis@hotmail.com
Brandon,Patterson,2124508322,brandon.patterson@yahoo.com
Regina,Harmon,1797359411,regina.harmon@gmail.com
Joseph,Adams,5130704521,joseph.adams@yahoo.com
Courtney,Ponce,7255504843,courtney.ponce@gmail.com
Robin,Irwin,6253624353,robin.irwin@hotmail.com
Jason,Sims,7541445977,jason.sims@hotmail.com
Taylor,Rogers,8993223511,taylor.rogers@yahoo.com
Kimberly,Robinson,8805660282,kimberly.robinson@hotmail.com
Robin,Wood,9225255291,robin.wood@gmail.com
Deborah,Le,8879542522,deborah.le@yahoo.com
Tiffany,Simon,8676265506,tiffany.simon@hotmail.com
Kathryn,Crane,6847967345,kathryn.crane@hotmail.com
Deborah,Ortiz,8061370541,deborah.ortiz@hotmail.com
Amber,Lopez,5822572299,amber.lopez@gmail.com
Jesse,Anderson,4865252147,jesse.anderson@gmail.com
Jonathan,Aguirre,3772910133,jonathan.aguirre@hotmail.com
Mario,Sutton,1113151143,mario.sutton@yahoo.com
Gabriel,Rivas,3618312480,gabriel.rivas@hotmail.com
Hunter,Lee,6938420095,hunter.lee@hotmail.com
Amber,Chavez,1103937584,amber.chavez@yahoo.com
Frank,Edwards,3364557978,frank.edwards@yahoo.com
Frank,Brown,8890642085,frank.brown@gmail.com
Scott,Valdez,6321409088,scott.valdez@hotmail.com
Lisa,Brady,6499657073,lisa.brady@yahoo.com
Kristi,Ellis,1996358292,kristi.ellis@gmail.com
Barbara,Clements,2309283135,barbara.clements@hotmail.com
Christina,Greene,3808334847,christina.greene@gmail.com
Sarah,Ramos,1129773803,sarah.ramos@yahoo.com
Sarah,Campbell,7857147147,sarah.campbell@gmail.com
Sarah,Murray,2698503672,sarah.murray@gmail.com
Joshua,Atkins,6875654730,joshua.atkins@yahoo.com
Jamie,Williams,1525250028,jamie.williams@gmail.com
Anthony,Sparks,1995937177,anthony.sparks@hotmail.com
Brandi,Ellison,8633149217,brandi.ellison@hotmail.com
Harry,Murphy,8014924708,harry.murphy@gmail.com
Timothy,Shaw,5484199983,timothy.shaw@yahoo.com
James,Garcia,5811437105,james.garcia@yahoo.com
Jessica,Sanchez,9747640285,jessica.sanchez@yahoo.com
Melissa,Carlson,2754845135,melissa.carlson@yahoo.com
Travis,Cooke,2781877026,travis.cooke@hotmail.com
Edward,Johnson,6867721640,edward.johnson@hotmail.com
Elizabeth,Mcdaniel,7719058602,elizabeth.mcdaniel@gmail.com
Mercedes,Moreno,6296473361,mercedes.moreno@hotmail.com
Brandon,Cox,5556238656,brandon.cox@gmail.com
Patricia,Barrett,7583457675,patricia.barrett@gmail.com
Kayla,Johnson,3525474167,kayla.johnson@gmail.com
Robert,Riley,6339934453,robert.riley@hotmail.com
Gary,Spencer,8305423518,gary.spencer@yahoo.com
Eric,Fritz,4570394667,eric.fritz@yahoo.com
Thomas,White,4292917024,thomas.white@yahoo.com
Julian,Phillips,4815850034,julian.phillips@yahoo.com
Brandon,Stout,7142089143,brandon.stout@hotmail.com
Meredith,Williams,1516000819,meredith.williams@yahoo.com
Rebecca,Adams,7289364394,rebecca.adams@hotmail.com
Chelsea,Garcia,9612468764,chelsea.garcia@hotmail.com
David,Sutton,3564384285,david.sutton@yahoo.com
Carl,Austin,6579681248,carl.austin@hotmail.com
Manuel,Mason,4918793661,manuel.mason@hotmail.com
Angela,Kennedy,4204932960,angela.kennedy@yahoo.com
Julian,Lindsey,6562734483,julian.lindsey@hotmail.com
Justin,Burke,7486938517,justin.burke@yahoo.com
Sandra,Mckenzie,2907967966,sandra.mckenzie@yahoo.com
Travis,Bradley,8237877249,travis.bradley@yahoo.com
Mary,Pearson,9177844127,mary.pearson@gmail.com
Patricia,Webb,3237733688,patricia.webb@yahoo.com
Jennifer,Wright,4201751492,jennifer.wright@gmail.com
Chad,Sims,5302946979,chad.sims@yahoo.com
Tiffany,Guzman,6845419616,tiffany.guzman@yahoo.com
Susan,Miller,7729796482,susan.miller@gmail.com
Amy,Taylor,1134008146,amy.taylor@gmail.com
Paul,Pratt,1839988726,paul.pratt@yahoo.com
Patrick,Duffy,1997250281,patrick.duffy@yahoo.com
Kevin,Smith,1637515921,kevin.smith@yahoo.com
Benjamin,Anderson,2982452435,benjamin.anderson@hotmail.com
Annette,James,6447625147,annette.james@gmail.com
Valerie,Chapman,4379909604,valerie.chapman@hotmail.com
Jonathon,Davis,3584145864,jonathon.davis@yahoo.com
Daniel,Lane,8858279015,daniel.lane@hotmail.com
Grace,Davis,5725933730,grace.davis@hotmail.com
Teresa,Rodriguez,5787551404,teresa.rodriguez@gmail.com
Vincent,Anderson,1144208732,vincent.anderson@hotmail.com
David,Miller,6731896261,david.miller@hotmail.com
Jessica,Cunningham,2156834128,jessica.cunningham@gmail.com
Ronald,Herrera,1709845008,ronald.herrera@gmail.com
Joseph,Baldwin,3540282194,joseph.baldwin@hotmail.com
Victoria,Garcia,5392184751,victoria.garcia@yahoo.com
Jason,Jackson,7132456103,jason.jackson@gmail.com
Ian,Yates,5371783003,ian.yates@hotmail.com
Rachel,Burke,1553750915,rachel.burke@yahoo.com
Melissa,Smith,9978289577,melissa.smith@hotmail.com
Andrea,Patterson,9771445566,andrea.patterson@yahoo.com
James,Douglas,8483513052,james.douglas@gmail.com
Donald,Fox,4805429399,donald.fox@yahoo.com
Francisco,Brown,9838512449,francisco.brown@gmail.com
Elizabeth,Weaver,1061186734,elizabeth.weaver@hotmail.com
Elizabeth,Velazquez,2229486025,elizabeth.velazquez@gmail.com
Nicole,Travis,2180313211,nicole.travis@hotmail.com
Jose,Ramos,5606575665,jose.ramos@hotmail.com
Stephen,Mccarthy,6485178692,stephen.mccarthy@gmail.com
Nancy,Wheeler,2407769500,nancy.wheeler@yahoo.com
Andrew,Carr,7885020062,andrew.carr@hotmail.com
Erica,Moss,5349716392,erica.moss@gmail.com
Corey,Ramos,1230281378,corey.ramos@hotmail.com
Jonathan,Knight,4384591678,jonathan.knight@hotmail.com
Brenda,Smith,9477206950,brenda.smith@gmail.com
Stephanie,Moore,7611733374,stephanie.moore@yahoo.com
Kristin,Ferguson,1317246614,kristin.ferguson@gmail.com
Richard,Fischer,5245193072,richard.fischer@yahoo.com
Suzanne,Kennedy,4183090658,suzanne.kennedy@hotmail.com
John,Perez,4728479607,john.perez@gmail.com
Sandra,Lopez,5856359923,sandra.lopez@gmail.com
Elizabeth,Smith,9770849594,elizabeth.smith@hotmail.com
Karen,Green,7604073538,karen.green@yahoo.com
Nathan,Taylor,2961796361,nathan.taylor@gmail.com
David,Hernandez,5045633955,david.hernandez@hotmail.com
Tammy,Hubbard,7418485240,tammy.hubbard@yahoo.com
Lindsay,Hill,3075847372,lindsay.hill@gmail.com
Scott,Trevino,5381707133,scott.trevino@hotmail.com
Kelly,Mejia,5155435964,kelly.mejia@hotmail.com
Jim,Stevens,5101122401,jim.stevens@hotmail.com
Aaron,Best,7937337338,aaron.best@gmail.com
David,Hill,7357116641,david.hill@hotmail.com
Tammy,Spears,1794875275,tammy.spears@gmail.com
Julie,Sutton,5301088678,julie.sutton@yahoo.com
Penny,Bruce,6939712321,penny.bruce@yahoo.com
Sara,Burke,8284082894,sara.burke@yahoo.com
Tara,Gregory,4886125016,tara.gregory@hotmail.com
Aaron,Johnson,4865232714,aaron.johnson@gmail.com
Lauren,Houston,1431363528,lauren.houston@yahoo.com
Amanda,Matthews,8130543598,amanda.matthews@gmail.com
Joseph,Reed,1716625513,joseph.reed@hotmail.com
Stephanie,Cooke,6440287261,stephanie.cooke@gmail.com
Lindsey,Ayala,4145883013,lindsey.ayala@yahoo.com
Ronald,Richards,8665061170,ronald.richards@hotmail.com
Monica,Russell,2335597789,monica.russell@yahoo.com
Joel,Allen,5626614048,joel.allen@yahoo.com
Linda,Garrett,8209820902,linda.garrett@yahoo.com
Lori,Morgan,5523400992,lori.morgan@yahoo.com
Joshua,Gonzalez,8361231947,joshua.gonzalez@gmail.com
Ronald,Freeman,6699756173,ronald.freeman@hotmail.com
Mike,Suarez,7223020929,mike.suarez@gmail.com
Ryan,Pierce,2978384971,ryan.pierce@hotmail.com
Patricia,Miller,7772425672,patricia.miller@yahoo.com
Heather,Lyons,9460302462,heather.lyons@gmail.com
Paige,Williams,7311650928,paige.williams@hotmail.com
Tracy,Mccarty,6540491255,tracy.mccarty@yahoo.com
Megan,Decker,4020821210,megan.decker@yahoo.com
Amanda,Avila,9245290738,amanda.avila@yahoo.com
Brooke,Ford,9838349181,brooke.ford@gmail.com
Austin,Sims,8715051399,austin.sims@gmail.com
Lauren,Hobbs,8657497061,lauren.hobbs@yahoo.com
Victoria,Bullock,7339352050,victoria.bullock@yahoo.com
Joseph,Cruz,1796522075,joseph.cruz@gmail.com
April,Payne,2197387751,april.payne@hotmail.com
Jill,Sanders,7077121564,jill.sanders@yahoo.com
Nicole,Davis,4964701902,nicole.davis@hotmail.com
Jay,Chandler,9055723289,jay.chandler@hotmail.com
Kimberly,Johnson,1700229872,kimberly.johnson@yahoo.com
Ashley,Miller,5039652402,ashley.miller@gmail.com
Michael,Ramirez,1009199374,michael.ramirez@hotmail.com
Sherry,Edwards,7033920363,sherry.edwards@yahoo.com
Penny,Townsend,9373700840,penny.townsend@hotmail.com
Terrance,Mason,5048487171,terrance.mason@gmail.com
Brian,Newman,7461527018,brian.newman@hotmail.com
April,Henson,9456027989,april.henson@hotmail.com
Kylie,Roberts,8889284788,kylie.roberts@yahoo.com
Thomas,Flores,8594065165,thomas.flores@gmail.com
Randall,Perry,4182676694,randall.perry@gmail.com
Renee,Rasmussen,8997108171,renee.rasmussen@yahoo.com
Stephen,Ramirez,7692726788,stephen.ramirez@yahoo.com
Juan,Diaz,5549065899,juan.diaz@hotmail.com
Kathryn,Avila,8841998111,kathryn.avila@hotmail.com
Joan,Koch,7084907082,joan.koch@hotmail.com
Marcus,Reynolds,2990275748,marcus.reynolds@yahoo.com
Erin,Morrison,7062378427,erin.morrison@yahoo.com
James,Jackson,2077202506,james.jackson@yahoo.com
Ryan,Holmes,2989291633,ryan.holmes@hotmail.com
Ryan,Johnston,1288653443,ryan.johnston@yahoo.com
Donna,Clark,5500221639,donna.clark@yahoo.com
Michael,Jordan,1938249529,michael.jordan@gmail.com
Richard,Martinez,1513435581,richard.martinez@hotmail.com
Kevin,Peters,8524918388,kevin.peters@yahoo.com
Bonnie,Green,9496271235,bonnie.green@hotmail.com
Tiffany,Sullivan,9953296989,tiffany.sullivan@gmail.com
Christine,Becker,6515791216,christine.becker@yahoo.com
Tiffany,Knight,8337410218,tiffany.knight@hotmail.com
Brandon,Jones,2984104898,brandon.jones@yahoo.com
Elizabeth,Graham,4106847099,elizabeth.graham@hotmail.com
Amy,Warren,2159644959,amy.warren@yahoo.com
Jacob,Smith,1211227665,jacob.smith@hotmail.com
Joseph,Powell,8684263407,joseph.powell@gmail.com
Natasha,Baxter,5337878062,natasha.baxter@hotmail.com
Kevin,Decker,2844886509,kevin.decker@gmail.com
Amy,Orr,7885228188,amy.orr@hotmail.com
Jennifer,Garcia,4352361353,jennifer.garcia@hotmail.com
Randy,Wright,6527566621,randy.wright@hotmail.com
Carmen,Brown,3506380411,carmen.brown@hotmail.com
Luke,Walton,1562903008,luke.walton@gmail.com
Kristy,Villarreal,2543257427,kristy.villarreal@yahoo.com
Christopher,Johnson,5683303573,christopher.johnson@hotmail.com
Kyle,Baker,6266514268,kyle.baker@gmail.com
Amy,Lee,8807743080,amy.lee@gmail.com
David,Bennett,1478185796,david.bennett@hotmail.com
Charles,Phelps,4751228164,charles.phelps@yahoo.com
Angela,Nelson,6835627249,angela.nelson@hotmail.com
Jasmine,Collins,4467519876,jasmine.collins@gmail.com
Stacey,Adkins,6622453336,stacey.adkins@gmail.com
Gerald,Fleming,9886190465,gerald.fleming@yahoo.com
Christy,Nelson,8077533172,christy.nelson@gmail.com
Gregory,Sherman,4079449970,gregory.sherman@hotmail.com
Robin,Ortiz,5907455286,robin.ortiz@yahoo.com
Amanda,Miller,6931939687,amanda.miller@yahoo.com
Kenneth,Allen,5683731741,kenneth.allen@gmail.com
John,Chan,8513514581,john.chan@hotmail.com
Albert,Richardson,3567702363,albert.richardson@gmail.com
Phillip,Sheppard,7486975772,phillip.sheppard@gmail.com
Zachary,Davila,4322922128,zachary.davila@yahoo.com
Mary,Meyer,3322253419,mary.meyer@yahoo.com
Claudia,Bishop,7143368546,claudia.bishop@gmail.com
Cindy,Newton,7349277588,cindy.newton@hotmail.com
Carlos,Scott,8519359141,carlos.scott@hotmail.com
Michele,Kaufman,9838069755,michele.kaufman@hotmail.com
Amanda,Jackson,1582860976,amanda.jackson@yahoo.com
Richard,Johnson,2274201350,richard.johnson@gmail.com
Riley,Mcgee,7208008959,riley.mcgee@hotmail.com
Michael,Clark,8574973699,michael.clark@gmail.com
Beverly,Villegas,6284495587,beverly.villegas@yahoo.com
Alexander,Mckee,8042378848,alexander.mckee@yahoo.com
Tiffany,Villarreal,3428579969,tiffany.villarreal@gmail.com
Michael,Thompson,1916581546,michael.thompson@hotmail.com
Gregory,Carson,9136547684,gregory.carson@hotmail.com
Kelly,Kelly,7995613908,kelly.kelly@gmail.com
Jeremy,Olson,9212988567,jeremy.olson@yahoo.com
Jennifer,Brock,4809185366,jennifer.brock@hotmail.com
Catherine,Richardson,3699336343,catherine.richardson@hotmail.com
Ryan,Garcia,3710950196,ryan.garcia@yahoo.com
Chad,Davis,7775143264,chad.davis@gmail.com
Bradley,Hayes,7790588418,bradley.hayes@hotmail.com
Julia,Sanchez,9704025974,julia.sanchez@gmail.com
Angela,Briggs,9243571840,angela.briggs@gmail.com
Douglas,Pugh,3120939527,douglas.pugh@gmail.com
Alicia,Lyons,1670234371,alicia.lyons@gmail.com
Amanda,Morales,1533658835,amanda.morales@hotmail.com
Nichole,Gonzalez,5069134306,nichole.gonzalez@gmail.com
Matthew,Cooper,3693291807,matthew.cooper@gmail.com
David,Burch,5758170828,david.burch@gmail.com
Robert,Peterson,4416704018,robert.peterson@yahoo.com
Roberta,Brown,4556381421,roberta.brown@hotmail.com
Joseph,Jacobs,7211663935,joseph.jacobs@yahoo.com
Danielle,Bennett,6776754544,danielle.bennett@hotmail.com
Elizabeth,Johnson,4453047847,elizabeth.johnson@yahoo.com
Jennifer,Welch,3288039716,jennifer.welch@hotmail.com
Stephen,Dean,3580271987,stephen.dean@gmail.com
Brian,Becker,5006039476,brian.becker@yahoo.com
Steven,Rice,2346003509,steven.rice@yahoo.com
Donna,Davidson,2675395373,donna.davidson@yahoo.com
Joanna,Mejia,9376304955,joanna.mejia@yahoo.com
Yvonne,Walker,4914028295,yvonne.walker@gmail.com
Stacie,Carter,8559554999,stacie.carter@gmail.com
Margaret,Morton,2716570368,margaret.morton@gmail.com
Christopher,Ramirez,2740937838,christopher.ramirez@yahoo.com
Anna,Lopez,8502270304,anna.lopez@yahoo.com
Heather,Nichols,2012744887,heather.nichols@hotmail.com
Nicole,Williams,4376316118,nicole.williams@gmail.com
Taylor,Edwards,9645455478,taylor.edwards@yahoo.com
Bruce,Ramos,2837724644,bruce.ramos@yahoo.com
Mary,Wise,3179439329,mary.wise@yahoo.com
Steven,Bowers,4781586790,steven.bowers@yahoo.com
Jamie,Mathews,1086163729,jamie.mathews@yahoo.com
Alice,Smith,3384915893,alice.smith@yahoo.com
Heather,Griffin,2655008671,heather.griffin@yahoo.com
Ashley,Chapman,6335319024,ashley.chapman@hotmail.com
Zachary,Howard,2179276373,zachary.howard@gmail.com
Anna,Allen,5297082435,anna.allen@hotmail.com
Molly,Ortega,7157519125,molly.ortega@yahoo.com
Sarah,Thomas,3630871271,sarah.thomas@yahoo.com
Eric,Cruz,6506545050,eric.cruz@yahoo.com
Scott,Holloway,2465074650,scott.holloway@gmail.com
Anne,Martinez,2262465664,anne.martinez@hotmail.com
Melissa,Rogers,6478494725,melissa.rogers@gmail.com
Jane,Woods,2738611190,jane.woods@yahoo.com
Christina,Bruce,9901367445,christina.bruce@gmail.com
Jessica,Terry,5187855985,jessica.terry@yahoo.com
Rachael,Huerta,4686227111,rachael.huerta@hotmail.com
Paul,Davis,2259143600,paul.davis@hotmail.com
Ray,Davis,5054458330,ray.davis@gmail.com
Corey,Griffith,3872705809,corey.griffith@yahoo.com
Christina,Rowe,8095929929,christina.rowe@hotmail.com
Matthew,Mcmillan,6602900896,matthew.mcmillan@gmail.com
Richard,Santana,9437291626,richard.santana@gmail.com
Jennifer,Buckley,6674328164,jennifer.buckley@yahoo.com
Melissa,Jones,6877482172,melissa.jones@yahoo.com
Nicole,Murray,5635248368,nicole.murray@hotmail.com
Alejandro,Chandler,8402789041,alejandro.chandler@hotmail.com
William,Sanchez,1054856418,william.sanchez@yahoo.com
Courtney,Cooper,9487114892,courtney.cooper@hotmail.com
Kathleen,Walker,6577111068,kathleen.walker@yahoo.com
Christina,Perkins,3870366512,christina.perkins@gmail.com
Anthony,Tucker,5088354385,anthony.tucker@gmail.com
Karl,Hall,1641535007,karl.hall@yahoo.com
Melissa,Brown,9523304658,melissa.brown@yahoo.com
Lauren,Lowe,7805401583,lauren.lowe@hotmail.com
Laura,Francis,3051484339,laura.francis@yahoo.com
Tracy,Ray,5868978735,tracy.ray@hotmail.com
Matthew,Hayes,7410266417,matthew.hayes@hotmail.com
David,Cross,7940687863,david.cross@hotmail.com
Christine,Jones,9283584027,christine.jones@yahoo.com
William,Vaughn,1637837289,william.vaughn@yahoo.com
Brandon,Jensen,8136314509,brandon.jensen@hotmail.com
Samantha,Stuart,4616805676,samantha.stuart@yahoo.com
Laura,Sparks,7431404606,laura.sparks@yahoo.com
Valerie,Preston,4414747164,valerie.preston@hotmail.com
Debra,Allen,9714481368,debra.allen@hotmail.com
Marcus,Watson,3952349705,marcus.watson@hotmail.com
Yolanda,Patel,5534085087,yolanda.patel@gmail.com
Hannah,Conley,7669597942,hannah.conley@gmail.com
Joanna,Lee,5653479019,joanna.lee@yahoo.com
Douglas,Sharp,9958931427,douglas.sharp@yahoo.com
Jennifer,Porter,6204549974,jennifer.porter@yahoo.com
Johnny,Reynolds,9601758914,johnny.reynolds@yahoo.com
Shelley,Rivera,1464922285,shelley.rivera@hotmail.com
Stephen,Anderson,7498132976,stephen.anderson@yahoo.com
Rebecca,Avery,3502150033,rebecca.avery@yahoo.com
Marissa,Jones,5649670418,marissa.jones@hotmail.com
Angela,Frank,9953082791,angela.frank@gmail.com
Catherine,Stone,7494613319,catherine.stone@hotmail.com
Holly,Williams,2410614243,holly.williams@yahoo.com
Rhonda,Cunningham,6133474354,rhonda.cunningham@gmail.com
Christopher,Hayes,9403551622,christopher.hayes@yahoo.com
Michael,Jones,3555207489,michael.jones@hotmail.com
David,Kelly,1749138504,david.kelly@hotmail.com
Andrew,Bryant,5659985362,andrew.bryant@yahoo.com
Joshua,Cook,2382072383,joshua.cook@hotmail.com
Tara,Santiago,3492506652,tara.santiago@yahoo.com
Lisa,Haynes,7433010299,lisa.haynes@gmail.com
Jessica,Anderson,4884277543,jessica.anderson@hotmail.com
Wesley,Bridges,5902450918,wesley.bridges@hotmail.com
Jessica,Johnson,1814252138,jessica.johnson@yahoo.com
Whitney,Morris,9185100919,whitney.morris@hotmail.com
Claire,Blackwell,2778590793,claire.blackwell@yahoo.com
Kenneth,Callahan,7023922196,kenneth.callahan@yahoo.com
James,Schwartz,3449684492,james.schwartz@gmail.com
John,Murphy,2897782253,john.murphy@yahoo.com
Jeffrey,Mejia,2215953308,jeffrey.mejia@gmail.com
Victor,Taylor,8372771801,victor.taylor@hotmail.com
Dana,Hill,8841470570,dana.hill@yahoo.com
Jennifer,Blake,6043041032,jennifer.blake@gmail.com
Michael,Harris,9584158060,michael.harris@hotmail.com
Angel,Lee,1393668221,angel.lee@hotmail.com
Sheila,Park,6204269268,sheila.park@gmail.com
Michelle,Morris,8398924019,michelle.morris@yahoo.com
Meghan,Anderson,5522161705,meghan.anderson@hotmail.com
Emma,Bond,6240249471,emma.bond@yahoo.com
Derek,Decker,2565721754,derek.decker@yahoo.com
Jon,Russell,3382435568,jon.russell@hotmail.com
Joyce,Bullock,4828181089,joyce.bullock@hotmail.com
Andre,Swanson,1405075033,andre.swanson@hotmail.com
David,Bowen,5406397450,david.bowen@yahoo.com
Melissa,Taylor,5759473950,melissa.taylor@hotmail.com
Jeffrey,Johnson,4152881038,jeffrey.johnson@hotmail.com
Sheila,Ayers,3722354148,sheila.ayers@yahoo.com
Hannah,Gomez,6522640727,hannah.gomez@hotmail.com
Spencer,Sanchez,8851155883,spencer.sanchez@yahoo.com
Sara,Byrd,1537261822,sara.byrd@yahoo.com
Allen,Tate,7747794920,allen.tate@yahoo.com
Brenda,Brewer,3780656089,brenda.brewer@hotmail.com
Heather,Foster,6372646370,heather.foster@hotmail.com
Scott,Johnson,6239541665,scott.johnson@gmail.com
Isaac,Spencer,2032937773,isaac.spencer@hotmail.com
Jason,Knapp,4684521358,jason.knapp@gmail.com
Reginald,George,9389951749,reginald.george@yahoo.com
Christopher,Costa,6520136322,christopher.costa@gmail.com
Timothy,Garcia,2052625983,timothy.garcia@hotmail.com
Jose,Rocha,3385688167,jose.rocha@gmail.com
Ian,Alexander,2639570873,ian.alexander@hotmail.com
Amy,Obrien,5325636238,amy.obrien@gmail.com
Jason,Potter,9322230828,jason.potter@gmail.com
Trevor,Grant,5288132437,trevor.grant@gmail.com
Nicholas,Buchanan,5878875050,nicholas.buchanan@yahoo.com
Christine,Reed,8297547530,christine.reed@yahoo.com
Anthony,Lopez,3443216020,anthony.lopez@hotmail.com
Margaret,Garcia,4886853566,margaret.garcia@yahoo.com
James,Watkins,7175391493,james.watkins@gmail.com
Toni,Roberts,5921978743,toni.roberts@yahoo.com
Matthew,Gutierrez,4146866958,matthew.gutierrez@hotmail.com
Cristian,Stanley,2647430538,cristian.stanley@hotmail.com
William,Thompson,8323010028,william.thompson@hotmail.com
Robert,Watson,4513814408,robert.watson@yahoo.com
Shawn,Cross,6545459507,shawn.cross@yahoo.com
Andrew,Meyer,9783381969,andrew.meyer@yahoo.com
Julian,Collins,1639778190,julian.collins@yahoo.com
Dennis,Wood,7337922398,dennis.wood@hotmail.com
Michael,Orozco,3312612198,michael.orozco@yahoo.com
Melanie,Kim,5059391023,melanie.kim@hotmail.com
Christian,Cannon,4694695862,christian.cannon@hotmail.com
Bryan,Sanchez,1121121128,bryan.sanchez@hotmail.com
Jeffrey,Wood,1435200452,jeffrey.wood@hotmail.com
Christopher,Miller,8526752128,christopher.miller@yahoo.com
Jeremy,Gilbert,6037238585,jeremy.gilbert@yahoo.com
Allison,Watson,6825788991,allison.watson@gmail.com
John,Rowland,8111549882,john.rowland@gmail.com
Jessica,Dodson,2424331578,jessica.dodson@hotmail.com
Matthew,Carter,2001108893,matthew.carter@gmail.com
Margaret,Sanders,7718648538,margaret.sanders@yahoo.com
Valerie,Mullen,7568736844,valerie.mullen@hotmail.com
Amy,Moreno,4498643687,amy.moreno@hotmail.com
William,Pena,3224623155,william.pena@yahoo.com
Stephanie,Johnston,3718222682,stephanie.johnston@hotmail.com
Paige,Ayers,2092931337,paige.ayers@gmail.com
Julie,Taylor,8723347552,julie.taylor@yahoo.com
Cheryl,Kennedy,8375685031,cheryl.kennedy@yahoo.com
Richard,Nguyen,4212067966,richard.nguyen@yahoo.com
Steven,Tapia,8399988757,steven.tapia@yahoo.com
Patrick,Holland,8758315953,patrick.holland@hotmail.com
Mark,Miles,7297537242,mark.miles@yahoo.com
Caroline,Dennis,1440331791,caroline.dennis@gmail.com
Madeline,Reese,4479906324,madeline.reese@hotmail.com
Sarah,Phillips,6552427465,sarah.phillips@gmail.com
Charlotte,Hunt,5224037090,charlotte.hunt@yahoo.com
Felicia,Rojas,9317191190,felicia.rojas@hotmail.com
Linda,Mason,1696499050,linda.mason@hotmail.com
Sandra,Alexander,8445871864,sandra.alexander@gmail.com
Kaitlyn,Ward,8678934512,kaitlyn.ward@yahoo.com
Cheryl,Mccormick,6289428196,cheryl.mccormick@gmail.com
Michael,Grant,3750350375,michael.grant@yahoo.com
Gina,Johnson,9215078763,gina.johnson@gmail.com
Kathleen,Mullins,1809668640,kathleen.mullins@yahoo.com
Madison,Maldonado,3976447341,madison.maldonado@hotmail.com
Charles,Raymond,6029389951,charles.raymond@gmail.com
Shelly,Cooper,8240397720,shelly.cooper@hotmail.com
John,Ross,4353593325,john.ross@hotmail.com
Whitney,Grant,2271286595,whitney.grant@yahoo.com
Nicholas,Ball,9865467271,nicholas.ball@hotmail.com
John,Smith,6129695356,john.smith@hotmail.com
Mark,Smith,2439488672,mark.smith@yahoo.com
Kaitlyn,Price,3844324790,kaitlyn.price@gmail.com
Emily,Salazar,2917036179,emily.salazar@gmail.com
Mary,Alvarado,7669942295,mary.alvarado@hotmail.com
Daniel,David,8551706271,daniel.david@gmail.com
Kimberly,Campbell,1726317215,kimberly.campbell@gmail.com
Elizabeth,Mclaughlin,7800913565,elizabeth.mclaughlin@hotmail.com
Rebecca,Murphy,6212759940,rebecca.murphy@gmail.com
Michael,Clark,4172981097,michael.clark@hotmail.com
John,Cox,8821611551,john.cox@gmail.com
Anthony,Johnson,3846955581,anthony.johnson@hotmail.com
Anthony,Medina,6387632305,anthony.medina@yahoo.com
Emily,Pitts,4200426634,emily.pitts@hotmail.com
Jessica,Cowan,1484822458,jessica.cowan@yahoo.com
Joshua,Rose,8897533726,joshua.rose@gmail.com
Vanessa,Tucker,1264861179,vanessa.tucker@yahoo.com
Alex,Pugh,5314395505,alex.pugh@hotmail.com
Norma,Le,9783528043,norma.le@yahoo.com
Tricia,Castillo,2743459479,tricia.castillo@hotmail.com
Ashley,Young,5720415033,ashley.young@gmail.com
Amy,Campbell,3755989412,amy.campbell@yahoo.com
Brittany,Abbott,4704078980,brittany.abbott@hotmail.com
Robert,Stewart,1825427269,robert.stewart@gmail.com
Kenneth,Orozco,4474096870,kenneth.orozco@gmail.com
Kevin,Gonzalez,9645661854,kevin.gonzalez@gmail.com
Andrea,White,4845400724,andrea.white@hotmail.com
Michael,Butler,3637696994,michael.butler@gmail.com
Matthew,Pratt,3625732431,matthew.pratt@hotmail.com
Alejandro,White,3804352168,alejandro.white@yahoo.com
Frank,Valenzuela,5324362390,frank.valenzuela@yahoo.com
Anna,Fowler,5547566892,anna.fowler@yahoo.com
Elizabeth,Chase,5060552907,elizabeth.chase@hotmail.com
Kimberly,Holloway,1372018842,kimberly.holloway@hotmail.com
Richard,Ross,4097487809,richard.ross@yahoo.com
Emily,Williams,2537458938,emily.williams@yahoo.com
Jeffrey,Briggs,6626298650,jeffrey.briggs@yahoo.com
Mary,Moore,4057726778,mary.moore@gmail.com
Keith,Davis,1430079327,keith.davis@gmail.com
Omar,Guerra,4397159052,omar.guerra@yahoo.com
Lauren,Ward,6805130410,lauren.ward@gmail.com
Sarah,Foster,4605211283,sarah.foster@hotmail.com
Joshua,Warner,1766078461,joshua.warner@hotmail.com
Alexander,Jackson,6394275311,alexander.jackson@hotmail.com
Gerald,Thompson,5421510581,gerald.thompson@hotmail.com
Lisa,Chavez,1356462404,lisa.chavez@yahoo.com
James,Brooks,5915826988,james.brooks@gmail.com
Leonard,Cobb,9889405494,leonard.cobb@gmail.com
Sandra,Malone,7244670486,sandra.malone@gmail.com
Mary,Hampton,2131201531,mary.hampton@hotmail.com
Jose,Hardy,6192705594,jose.hardy@gmail.com
Laura,Herrera,9687466630,laura.herrera@yahoo.com
Thomas,Williams,4390012819,thomas.williams@gmail.com
Jennifer,Lamb,6772360812,jennifer.lamb@gmail.com
Rebecca,Lewis,1173450713,rebecca.lewis@hotmail.com
Jason,Torres,8960189816,jason.torres@gmail.com
Jean,Smith,7460249020,jean.smith@hotmail.com
Amy,Williams,3417934770,amy.williams@hotmail.com
Leah,Murray,6871133613,leah.murray@hotmail.com
Daniel,Powell,1475106561,daniel.powell@hotmail.com
Adam,Nelson,2059478518,adam.nelson@gmail.com
Julie,Lewis,2278312566,julie.lewis@hotmail.com
William,Jackson,5046018043,william.jackson@hotmail.com
Drew,Mahoney,8071891114,drew.mahoney@yahoo.com
Maria,Miller,2643331897,maria.miller@gmail.com
Susan,Price,3842875667,susan.price@yahoo.com
Frederick,Reynolds,6964337705,frederick.reynolds@yahoo.com
Elizabeth,Harris,7939930819,elizabeth.harris@hotmail.com
James,Hill,2129464077,james.hill@gmail.com
Timothy,Ballard,8396616474,timothy.ballard@hotmail.com
Michael,Manning,7369145510,michael.manning@gmail.com
Daniel,Thomas,4753420799,daniel.thomas@gmail.com
Rose,Mccoy,2991174175,rose.mccoy@yahoo.com
George,Lopez,3748253323,george.lopez@hotmail.com
Edward,Washington,7510890552,edward.washington@yahoo.com
Marc,Combs,7580325820,marc.combs@hotmail.com
Lauren,Patterson,3069873237,lauren.patterson@hotmail.com
Angela,Jarvis,4894586869,angela.jarvis@hotmail.com
Lawrence,Briggs,3758364976,lawrence.briggs@yahoo.com
Daniel,Pierce,4291211417,daniel.pierce@hotmail.com
Tiffany,Williams,8276229131,tiffany.williams@gmail.com
Jonathan,Ingram,8105208964,jonathan.ingram@hotmail.com
Madeline,Chen,8100976454,madeline.chen@yahoo.com
Paul,Garza,5723107993,paul.garza@gmail.com
Adam,Soto,2214843990,adam.soto@hotmail.com
Gwendolyn,Andrews,8499410178,gwendolyn.andrews@gmail.com
Megan,Day,2086263098,megan.day@hotmail.com
Cheryl,Reed,7215413137,cheryl.reed@yahoo.com
Michael,Reyes,5399760365,michael.reyes@hotmail.com
Victor,James,3085208792,victor.james@gmail.com
Lonnie,Johnson,1895283506,lonnie.johnson@gmail.com
Natalie,Ballard,5024482552,natalie.ballard@hotmail.com
Craig,Tyler,9929740564,craig.tyler@hotmail.com
Joshua,Mcintyre,9205847353,joshua.mcintyre@yahoo.com
Michael,Diaz,5342286730,michael.diaz@gmail.com
Melanie,Huynh,5038973625,melanie.huynh@gmail.com
Travis,Knight,5958051479,travis.knight@gmail.com
Michele,House,2840765106,michele.house@hotmail.com
Jessica,Maynard,7109822550,jessica.maynard@gmail.com
Jessica,Petersen,1075270286,jessica.petersen@hotmail.com
Breanna,Ferrell,1303624741,breanna.ferrell@yahoo.com
Ebony,Singh,4733550404,ebony.singh@gmail.com
Brittany,Wagner,6627736305,brittany.wagner@gmail.com
Suzanne,Williams,9782626238,suzanne.williams@gmail.com
Ronald,Beard,7701722632,ronald.beard@yahoo.com
Stephanie,Gutierrez,3445906184,stephanie.gutierrez@gmail.com
Lauren,Kennedy,4837361997,lauren.kennedy@gmail.com
Tamara,Carter,2064703070,tamara.carter@yahoo.com
Michael,Navarro,1018211306,michael.navarro@gmail.com
Tabitha,Mckee,5132915115,tabitha.mckee@hotmail.com
Michael,Williams,1528061529,michael.williams@hotmail.com
Barbara,Martin,4961973971,barbara.martin@hotmail.com
Bobby,Park,6865226821,bobby.park@gmail.com
Tammy,Nielsen,8513092419,tammy.nielsen@yahoo.com
Eugene,Price,1152837388,eugene.price@yahoo.com
Donald,Palmer,3913854001,donald.palmer@hotmail.com
Richard,Davis,5049625515,richard.davis@gmail.com
Jason,Krueger,3307611875,jason.krueger@hotmail.com
Morgan,Fry,8452846669,morgan.fry@gmail.com
Jeffrey,Olson,4324395730,jeffrey.olson@hotmail.com
Kevin,Williams,7579128575,kevin.williams@hotmail.com
Laura,Riley,1080711332,laura.riley@gmail.com
Jessica,Johnson,4232161159,jessica.johnson@gmail.com
Jasmine,Jensen,3817548856,jasmine.jensen@gmail.com
Jacqueline,Smith,9487404165,jacqueline.smith@yahoo.com
Jesus,Rivera,7592896955,jesus.rivera@hotmail.com
Michael,Estes,2534355932,michael.estes@gmail.com
Melissa,Young,3006515386,melissa.young@hotmail.com
Elizabeth,Thomas,4296468990,elizabeth.thomas@hotmail.com
Emily,Clark,1073322197,emily.clark@yahoo.com
Jacqueline,Turner,1915748459,jacqueline.turner@gmail.com
Leah,Williams,3365373521,leah.williams@gmail.com
Stephanie,Faulkner,5957823693,stephanie.faulkner@hotmail.com
Cynthia,Malone,7692205632,cynthia.malone@hotmail.com
John,Walton,8805730202,john.walton@hotmail.com
Brandon,Rice,1978286445,brandon.rice@yahoo.com
Ronald,Moran,3702961835,ronald.moran@gmail.com
Megan,Johnson,8458789955,megan.johnson@hotmail.com
Amy,Walton,2160403397,amy.walton@yahoo.com
David,Richmond,1359475553,david.richmond@hotmail.com
Phillip,Olsen,5491391130,phillip.olsen@yahoo.com
Brianna,Rogers,6216527526,brianna.rogers@hotmail.com
Stacy,Garcia,8509643255,stacy.garcia@hotmail.com
Mitchell,Henson,7712589457,mitchell.henson@gmail.com
Brian,Mccann,5307369654,brian.mccann@hotmail.com
Kayla,Schneider,1801448312,kayla.schneider@hotmail.com
Jeffrey,Henderson,8200362668,jeffrey.henderson@hotmail.com
Scott,Berg,5384427227,scott.berg@yahoo.com
Marcus,Perry,2589709300,marcus.perry@gmail.com
Randall,Silva,4898204060,randall.silva@gmail.com
Meghan,Juarez,6013274066,meghan.juarez@gmail.com
David,Peters,8009960900,david.peters@yahoo.com
Robin,Lucero,7938777927,robin.lucero@yahoo.com
Jeffery,Dunn,8494439116,jeffery.dunn@gmail.com
Tiffany,Payne,4315301487,tiffany.payne@yahoo.com
Shirley,Chen,2026878944,shirley.chen@gmail.com
Aaron,Fuentes,3123305329,aaron.fuentes@yahoo.com
David,Blankenship,1239795622,david.blankenship@yahoo.com
Kathy,Mendoza,4552396768,kathy.mendoza@hotmail.com
Cassandra,Knight,6756855332,cassandra.knight@gmail.com
Steven,Smith,6928293316,steven.smith@yahoo.com
Elizabeth,Zimmerman,1851261945,elizabeth.zimmerman@hotmail.com
Shawn,Gonzales,8184684551,shawn.gonzales@gmail.com
Caitlin,Glass,8460496705,caitlin.glass@hotmail.com
Frederick,Mcdaniel,8741522951,frederick.mcdaniel@gmail.com
Larry,Martinez,9148808652,larry.martinez@hotmail.com
Natalie,Ortiz,9865928521,natalie.ortiz@hotmail.com
Megan,Lopez,2307421983,megan.lopez@yahoo.com
Timothy,Delacruz,7685501337,timothy.delacruz@gmail.com
Isaiah,Ellison,6563399092,isaiah.ellison@hotmail.com
Taylor,Jones,1244100850,taylor.jones@hotmail.com
Molly,Jones,1546539820,molly.jones@gmail.com
Cynthia,Gonzalez,5179830619,cynthia.gonzalez@yahoo.com
Daniel,Mills,8118637469,daniel.mills@yahoo.com
Mary,Hernandez,7749221983,mary.hernandez@hotmail.com
Robert,Lester,4640381681,robert.lester@yahoo.com
Alexandra,Simmons,6287692892,alexandra.simmons@hotmail.com
Robert,Brewer,4528579173,robert.brewer@yahoo.com
Zachary,Smith,6880967260,zachary.smith@gmail.com
Carla,Moody,3637887248,carla.moody@hotmail.com
Jennifer,Lloyd,7214585224,jennifer.lloyd@hotmail.com
Ryan,Grimes,9543479717,ryan.grimes@gmail.com
Derek,Collins,2268251770,derek.collins@hotmail.com
Christopher,Vega,6787932176,christopher.vega@hotmail.com
Abigail,Cole,4857129029,abigail.cole@gmail.com
Francisco,Nguyen,1056086505,francisco.nguyen@hotmail.com
Christopher,Steele,3289818400,christopher.steele@hotmail.com
Carlos,Garcia,8726753236,carlos.garcia@hotmail.com
George,Beard,9824033789,george.beard@yahoo.com
Sarah,Cannon,6251444737,sarah.cannon@hotmail.com
Andrew,Kennedy,6314937154,andrew.kennedy@yahoo.com
Karen,Dunn,1448962997,karen.dunn@hotmail.com
Jo,Glover,6302766527,jo.glover@yahoo.com
Nathaniel,Sweeney,1676022368,nathaniel.sweeney@yahoo.com
Ronald,Sosa,6018014253,ronald.sosa@hotmail.com
James,Zimmerman,3267872622,james.zimmerman@yahoo.com
Allison,Fernandez,6656710684,allison.fernandez@hotmail.com
Lisa,Barron,2626113378,lisa.barron@hotmail.com
Kimberly,Evans,5084939715,kimberly.evans@hotmail.com
Elizabeth,Hughes,8412882323,elizabeth.hughes@hotmail.com
Valerie,Johnson,2725522008,valerie.johnson@yahoo.com
Dana,Smith,5841751963,dana.smith@gmail.com
Sylvia,Wilson,8192727242,sylvia.wilson@hotmail.com
Miguel,Cook,5717986420,miguel.cook@hotmail.com
James,Howard,1932184035,james.howard@hotmail.com
Kathy,Walker,5690776330,kathy.walker@yahoo.com
Noah,Wilkerson,2276537057,noah.wilkerson@gmail.com
Debbie,Rivera,8424332209,debbie.rivera@gmail.com
Brittany,Fletcher,1341536603,brittany.fletcher@gmail.com
Mark,Long,2369464008,mark.long@gmail.com
Madeline,Crawford,9466230619,madeline.crawford@gmail.com
Robin,Daugherty,9904951187,robin.daugherty@hotmail.com
Sharon,Daniel,2401685496,sharon.daniel@yahoo.com
Mark,Gray,6479178777,mark.gray@gmail.com
Juan,Smith,9769264776,juan.smith@yahoo.com
Christopher,Mueller,1937546254,christopher.mueller@hotmail.com
Whitney,Hill,8751194902,whitney.hill@gmail.com
Danielle,Peck,2245089575,danielle.peck@yahoo.com
Ashley,Mitchell,1741120647,ashley.mitchell@gmail.com
Victoria,Hicks,8584316207,victoria.hicks@yahoo.com
Alexandra,Shaffer,7265359367,alexandra.shaffer@gmail.com
Ivan,Watson,5307240218,ivan.watson@hotmail.com
John,Le,6558636208,john.le@yahoo.com
Cheryl,Gonzalez,5051623334,cheryl.gonzalez@yahoo.com
Kelly,Walter,2907047079,kelly.walter@yahoo.com
Christian,Zimmerman,4965400817,christian.zimmerman@gmail.com
Antonio,Miller,7335098272,antonio.miller@gmail.com
Rachel,Shepard,1943637095,rachel.shepard@gmail.com
Jason,Robinson,8544466120,jason.robinson@hotmail.com
Lisa,Lee,7652647804,lisa.lee@yahoo.com
Cindy,Elliott,1878552585,cindy.elliott@hotmail.com
Keith,Martin,4547890003,keith.martin@gmail.com
Amber,Cline,8853461753,amber.cline@yahoo.com
Lisa,Patrick,1723396187,lisa.patrick@yahoo.com
Sandra,Chase,1602192500,sandra.chase@hotmail.com
Hayden,Greene,9648802422,hayden.greene@hotmail.com
Craig,Santos,4616989661,craig.santos@hotmail.com
Jackie,Ortiz,3589997506,jackie.ortiz@gmail.com
Paul,Horn,5009095436,paul.horn@hotmail.com
Perry,George,4387318129,perry.george@gmail.com
Cynthia,Wright,8926833463,cynthia.wright@yahoo.com
Arthur,Stone,1531998800,arthur.stone@yahoo.com
David,Santos,1276821157,david.santos@yahoo.com
Justin,Johnson,9476402965,justin.johnson@hotmail.com
Mark,Chase,5680142557,mark.chase@hotmail.com
Michael,Lozano,3145123784,michael.lozano@hotmail.com
Tammy,Morgan,2435299077,tammy.morgan@hotmail.com
Sophia,Jenkins,6273027036,sophia.jenkins@hotmail.com
Theresa,Johnston,9681702200,theresa.johnston@yahoo.com
Robert,Rios,8197532667,robert.rios@hotmail.com
Megan,Neal,8740401241,megan.neal@yahoo.com
Amber,Orr,1820665582,amber.orr@gmail.com
Jeremy,Williams,2483221464,jeremy.williams@gmail.com
Todd,Warren,9257006091,todd.warren@hotmail.com
Jonathan,West,8231856288,jonathan.west@hotmail.com
Julie,Lucas,7617823287,julie.lucas@gmail.com
Marcus,Pugh,9178087090,marcus.pugh@gmail.com
Penny,Tran,2673912176,penny.tran@hotmail.com
Cassie,Smith,2432454049,cassie.smith@gmail.com
Roger,Murray,9878295550,roger.murray@yahoo.com
Carlos,Perez,8749857538,carlos.perez@hotmail.com
Ronald,Rosario,7900703818,ronald.rosario@gmail.com
Jennifer,Williams,7770610139,jennifer.williams@gmail.com
Olivia,Koch,2931217998,olivia.koch@gmail.com
Nancy,Mcconnell,8276444123,nancy.mcconnell@yahoo.com
Corey,Wright,4547348718,corey.wright@gmail.com
Jessica,Ortiz,1535994683,jessica.ortiz@gmail.com
Kristen,Gonzalez,9410949944,kristen.gonzalez@yahoo.com
Dennis,Chavez,5953824390,dennis.chavez@yahoo.com
Natalie,Holmes,6906470668,natalie.holmes@hotmail.com
Anthony,Guzman,2365497276,anthony.guzman@yahoo.com
Tracie,Shaffer,4757653460,tracie.shaffer@yahoo.com
Larry,Oliver,2262264374,larry.oliver@yahoo.com
Virginia,English,4301840506,virginia.english@yahoo.com
Jessica,Webb,9899220960,jessica.webb@yahoo.com
Amy,Boyer,9041667478,amy.boyer@hotmail.com
Taylor,Deleon,5756190001,taylor.deleon@hotmail.com
Travis,Gill,9897694926,travis.gill@gmail.com
Danielle,Lewis,1588242222,danielle.lewis@yahoo.com
Courtney,Mercer,8125656694,courtney.mercer@yahoo.com
Dustin,Rivas,4416332156,dustin.rivas@yahoo.com
Mary,Clarke,8649473566,mary.clarke@hotmail.com
Patrick,Miller,5523390289,patrick.miller@yahoo.com
Juan,Smith,6293667121,juan.smith@yahoo.com
Veronica,Wilkinson,2298896602,veronica.wilkinson@hotmail.com
Carrie,Robinson,3082712199,carrie.robinson@yahoo.com
Melissa,Lowe,2397830781,melissa.lowe@gmail.com
Kristy,Anderson,2613556657,kristy.anderson@hotmail.com
Kim,Mccarty,2900901968,kim.mccarty@gmail.com
Jacob,Hernandez,2692414881,jacob.hernandez@yahoo.com
Michael,Little,4377847684,michael.little@hotmail.com
Tiffany,Romero,2121747200,tiffany.romero@gmail.com
Joe,Decker,1753085931,joe.decker@gmail.com
Jordan,Harris,7931582892,jordan.harris@hotmail.com
Alejandra,Glass,3615149729,alejandra.glass@gmail.com
Katherine,Mata,9844891819,katherine.mata@gmail.com
Daniel,Shaffer,5361398238,daniel.shaffer@hotmail.com
Amy,Ford,4034964509,amy.ford@hotmail.com
Brandon,Hardin,4351480336,brandon.hardin@gmail.com
Caleb,Pearson,3115817624,caleb.pearson@yahoo.com
Vickie,Ramsey,9360998670,vickie.ramsey@hotmail.com
Patrick,Sosa,8052184017,patrick.sosa@hotmail.com
April,Johnson,7141823411,april.johnson@hotmail.com
Alex,Garcia,1817128360,alex.garcia@yahoo.com
Lauren,Clark,9917121612,lauren.clark@yahoo.com
Nichole,Armstrong,6040304905,nichole.armstrong@hotmail.com
Brian,Stewart,5292167498,brian.stewart@hotmail.com
Frances,Beasley,9527608699,frances.beasley@hotmail.com
Jennifer,Gutierrez,4892369668,jennifer.gutierrez@hotmail.com
Andrew,Maldonado,6026110196,andrew.maldonado@gmail.com
Kenneth,Patterson,6536970434,kenneth.patterson@gmail.com
Alicia,Winters,2204608393,alicia.winters@yahoo.com
Madison,Morales,2446230620,madison.morales@gmail.com
Jessica,Patton,1144657974,jessica.patton@yahoo.com
William,Frederick,5953709838,william.frederick@gmail.com
Jessica,Terry,2961265763,jessica.terry@yahoo.com
Stacie,Mcdonald,8628723353,stacie.mcdonald@gmail.com
Michael,Martin,1279808149,michael.martin@yahoo.com
Brenda,Miranda,1783763783,brenda.miranda@gmail.com
Joshua,Miller,4307379448,joshua.miller@gmail.com
Justin,Mcknight,5765179531,justin.mcknight@yahoo.com
Frank,Bell,3521604729,frank.bell@hotmail.com
Lisa,Davis,3383105368,lisa.davis@yahoo.com
Lori,Lowe,7268409309,lori.lowe@hotmail.com
Michael,Hall,7725084774,michael.hall@gmail.com
Dorothy,Davis,5800024514,dorothy.davis@yahoo.com
Claudia,Arnold,9118696036,claudia.arnold@gmail.com
Brian,Fowler,3063795863,brian.fowler@gmail.com
Catherine,Roberts,1814231481,catherine.roberts@gmail.com
Heather,Silva,5993900605,heather.silva@yahoo.com
Christopher,Manning,8274847557,christopher.manning@yahoo.com
Kenneth,Mitchell,5132976369,kenneth.mitchell@hotmail.com
Tyrone,Perkins,7582235642,tyrone.perkins@gmail.com
Adam,Woods,4465984708,adam.woods@hotmail.com
Julie,Ward,5561100302,julie.ward@yahoo.com
Brian,Young,4187704763,brian.young@hotmail.com
Brittney,Reynolds,6968873404,brittney.reynolds@gmail.com
Gary,Obrien,5502475719,gary.obrien@hotmail.com
Melanie,Nunez,7749515502,melanie.nunez@hotmail.com
Corey,Hill,9227937421,corey.hill@yahoo.com
Gina,Newman,4963887837,gina.newman@gmail.com
Mariah,Sparks,7647807105,mariah.sparks@yahoo.com
Stuart,Brown,2988101446,stuart.brown@hotmail.com
Melanie,Bennett,1384411398,melanie.bennett@hotmail.com
Deborah,Nielsen,2783853545,deborah.nielsen@yahoo.com
Angelica,Williams,1248702027,angelica.williams@hotmail.com
Alfred,Jones,1892867406,alfred.jones@yahoo.com
Kathleen,Johnson,2722609111,kathleen.johnson@gmail.com
Sara,Hester,5601252797,sara.hester@hotmail.com
Brandon,Pope,6566677257,brandon.pope@gmail.com
Patricia,Day,3906164299,patricia.day@hotmail.com
Anthony,Schmitt,2519414537,anthony.schmitt@yahoo.com
Eric,Gentry,6651072784,eric.gentry@gmail.com
Ann,Vance,6447212073,ann.vance@gmail.com
Darryl,Bell,5034412769,darryl.bell@gmail.com
Lindsey,Shaw,6571207937,lindsey.shaw@hotmail.com
Katrina,Short,5154508526,katrina.short@gmail.com
Rebecca,Richards,9290554957,rebecca.richards@gmail.com
Scott,Reyes,3767283833,scott.reyes@hotmail.com
Hector,Rios,3370297337,hector.rios@yahoo.com
Claudia,Curtis,1785835881,claudia.curtis@gmail.com
Ashley,Hernandez,9240462356,ashley.hernandez@gmail.com
Gerald,Oliver,2191197204,gerald.oliver@yahoo.com
John,Baker,6184364157,john.baker@hotmail.com
Stephen,Cunningham,6122515308,stephen.cunningham@hotmail.com
Keith,Moore,8574413690,keith.moore@hotmail.com
Ana,Wiggins,1294744580,ana.wiggins@yahoo.com
James,Sanchez,4733537025,james.sanchez@gmail.com
Gerald,Gonzalez,6062636131,gerald.gonzalez@yahoo.com
Brian,Rosales,7852778414,brian.rosales@gmail.com
David,Henderson,5378562986,david.henderson@hotmail.com
Keith,Mayer,8082857941,keith.mayer@yahoo.com
Rebecca,Diaz,3660501724,rebecca.diaz@hotmail.com
Isaac,Ford,2059717128,isaac.ford@gmail.com
Rhonda,Meyer,8605492468,rhonda.meyer@yahoo.com
Jenna,Daugherty,6715218793,jenna.daugherty@hotmail.com
Joel,Williamson,2522357580,joel.williamson@yahoo.com
Jill,Jacobs,3297789008,jill.jacobs@gmail.com
Tracy,Lee,8568325781,tracy.lee@yahoo.com
Shelby,Glover,3216094404,shelby.glover@hotmail.com
Timothy,Ford,6826712410,timothy.ford@gmail.com
Thomas,Decker,7288267673,thomas.decker@hotmail.com
Leah,Douglas,2764103932,leah.douglas@hotmail.com
Lisa,Carlson,7347921027,lisa.carlson@yahoo.com
Matthew,Moore,1083453247,matthew.moore@yahoo.com
Laura,Mendez,8490872865,laura.mendez@hotmail.com
Ryan,Lee,7136785620,ryan.lee@gmail.com
Jeffrey,Vance,6399410715,jeffrey.vance@yahoo.com
Richard,Roberson,3278097956,richard.roberson@gmail.com
Katherine,Odonnell,6122019493,katherine.odonnell@gmail.com
Rhonda,Lopez,3435011988,rhonda.lopez@yahoo.com
Anna,Love,5237803671,anna.love@yahoo.com
Joseph,Welch,2658475567,joseph.welch@gmail.com
William,Ortiz,2197273569,william.ortiz@yahoo.com
Kim,Avery,6514118831,kim.avery@gmail.com
Tammy,Davis,9199001464,tammy.davis@yahoo.com
Jeffery,Rodriguez,3693821728,jeffery.rodriguez@gmail.com
Brian,Warren,2361524677,brian.warren@yahoo.com
David,Perez,1526414093,david.perez@gmail.com
Pamela,Wilson,1624240951,pamela.wilson@yahoo.com
Stephanie,Henderson,9709914224,stephanie.henderson@gmail.com
Joanna,Beck,6753205260,joanna.beck@yahoo.com
Timothy,Lara,2726937875,timothy.lara@gmail.com
Justin,Pierce,1499897397,justin.pierce@yahoo.com
Mark,Dixon,5622650476,mark.dixon@hotmail.com
Walter,Atkins,1150600474,walter.atkins@gmail.com
Juan,Berger,5606014920,juan.berger@gmail.com
Scott,Brown,9216161228,scott.brown@yahoo.com
Chelsea,Barnes,2319373109,chelsea.barnes@yahoo.com
Jason,Day,5219932514,jason.day@hotmail.com
Jennifer,Ramirez,6946923549,jennifer.ramirez@yahoo.com
Richard,Cardenas,7121311945,richard.cardenas@yahoo.com
Christopher,Owens,9012594384,christopher.owens@gmail.com
Sarah,Ramirez,7025571901,sarah.ramirez@yahoo.com
William,Arellano,9659830737,william.arellano@gmail.com
Melody,Flores,8509797561,melody.flores@yahoo.com
Paul,King,8731661722,paul.king@yahoo.com
Robert,Kim,4977477631,robert.kim@yahoo.com
Danielle,Russell,5872178249,danielle.russell@yahoo.com
Shannon,Duarte,1032433208,shannon.duarte@yahoo.com
William,Guzman,9128856922,william.guzman@yahoo.com
Joshua,Rodgers,2990408851,joshua.rodgers@hotmail.com
Holly,Davis,4586479652,holly.davis@gmail.com
Emily,Wu,6303460252,emily.wu@yahoo.com
Hector,Moore,8339835473,hector.moore@hotmail.com
Joel,Stewart,9163742512,joel.stewart@gmail.com
Carol,Hamilton,8048537002,carol.hamilton@yahoo.com
Anne,White,3141004788,anne.white@gmail.com
Zachary,Flores,7237184412,zachary.flores@hotmail.com
Miguel,Evans,9781317734,miguel.evans@yahoo.com
Kevin,Oneill,1388324895,kevin.oneill@yahoo.com
Derek,Lowe,2157274059,derek.lowe@yahoo.com
Caleb,Robbins,8419622857,caleb.robbins@gmail.com
Dennis,Harrison,3851669801,dennis.harrison@hotmail.com
Lynn,Morgan,5298732901,lynn.morgan@yahoo.com
James,Perry,9289790135,james.perry@gmail.com
Joseph,Pugh,3884573957,joseph.pugh@yahoo.com
Gina,Holmes,2933884849,gina.holmes@hotmail.com
Kim,Lee,5794261138,kim.lee@yahoo.com
Lisa,Lee,6380095497,lisa.lee@hotmail.com
Anthony,Wheeler,4390899556,anthony.wheeler@hotmail.com
Jennifer,Lindsey,7267115796,jennifer.lindsey@yahoo.com
Debbie,Johnson,3309324151,debbie.johnson@gmail.com
Katie,Weaver,2591746252,katie.weaver@hotmail.com
Valerie,Mcneil,9624782392,valerie.mcneil@hotmail.com
Reginald,Finley,6969632364,reginald.finley@yahoo.com
Roberto,Anderson,2728855776,roberto.anderson@gmail.com
Robyn,Hicks,2908191412,robyn.hicks@yahoo.com
Lance,Mendoza,7790192298,lance.mendoza@gmail.com
Justin,Lee,5855473188,justin.lee@hotmail.com
Bryan,Vang,8591504100,bryan.vang@hotmail.com
Maria,Smith,6800141407,maria.smith@gmail.com
Kevin,Torres,8514025045,kevin.torres@hotmail.com
Autumn,Villarreal,8021086138,autumn.villarreal@yahoo.com
Janice,Meza,8892065817,janice.meza@hotmail.com
Ronald,Watson,1102633953,ronald.watson@gmail.com
Jack,Rice,5208732292,jack.rice@gmail.com
Teresa,Cannon,7517979167,teresa.cannon@hotmail.com
Sandra,Washington,9053490818,sandra.washington@hotmail.com
Shelby,Osborne,5929639356,shelby.osborne@gmail.com
Joel,Baker,1488917446,joel.baker@hotmail.com
Christopher,Collins,4070060427,christopher.collins@yahoo.com
Kathryn,Cabrera,5282748276,kathryn.cabrera@yahoo.com
Terri,Farmer,8202991674,terri.farmer@yahoo.com
Colleen,Johnson,9669701120,colleen.johnson@hotmail.com
David,Solomon,6411272456,david.solomon@gmail.com
Cristina,Robertson,9608442783,cristina.robertson@gmail.com
Kristina,Lane,2279172228,kristina.lane@yahoo.com
Joshua,Armstrong,4840673008,joshua.armstrong@hotmail.com
William,Rangel,3402200351,william.rangel@gmail.com
Suzanne,White,4777877772,suzanne.white@yahoo.com
Ashley,Alvarado,4586700216,ashley.alvarado@gmail.com
Amanda,Carter,4593567098,amanda.carter@yahoo.com
Tiffany,Martin,5085480840,tiffany.martin@yahoo.com
Jay,Harrison,3729044469,jay.harrison@gmail.com
Alexander,Khan,4605885457,alexander.khan@yahoo.com
Albert,Merritt,3352036625,albert.merritt@hotmail.com
Jeffery,Anderson,8164923770,jeffery.anderson@hotmail.com
Lawrence,Guerra,5689344528,lawrence.guerra@yahoo.com
Steven,Moore,4334997796,steven.moore@hotmail.com
Jason,Dudley,1170247155,jason.dudley@hotmail.com
Caitlin,Montgomery,2502348039,caitlin.montgomery@hotmail.com
Nancy,Lopez,5582439640,nancy.lopez@hotmail.com
Charles,Shah,7202527077,charles.shah@yahoo.com
Michael,Garcia,2628487216,michael.garcia@gmail.com
Christopher,Wood,3132204596,christopher.wood@gmail.com
Emily,Evans,5899410755,emily.evans@yahoo.com
Carlos,Rhodes,5139326986,carlos.rhodes@gmail.com
Kelsey,Price,7405128980,kelsey.price@gmail.com
Trevor,Dean,8600645595,trevor.dean@gmail.com
Teresa,Castro,3709951250,teresa.castro@hotmail.com
Brendan,Key,7991529711,brendan.key@hotmail.com
Samuel,Smith,7853424010,samuel.smith@hotmail.com
Stephanie,Mcclain,6294377834,stephanie.mcclain@hotmail.com
Justin,Gray,1266159264,justin.gray@gmail.com
Benjamin,Orozco,3864108548,benjamin.orozco@gmail.com
Timothy,Smith,1293679600,timothy.smith@yahoo.com
Amy,Wise,1788533577,amy.wise@yahoo.com
Tracy,Mendoza,5926605533,tracy.mendoza@yahoo.com
Jennifer,Edwards,1777491904,jennifer.edwards@hotmail.com
Justin,Mcpherson,4918202420,justin.mcpherson@gmail.com
Brittany,Brown,7258375326,brittany.brown@yahoo.com
Susan,White,2697837190,susan.white@hotmail.com
Catherine,Anderson,2245498241,catherine.anderson@yahoo.com
James,Schultz,6597945900,james.schultz@yahoo.com
Jeremy,Newman,4511763199,jeremy.newman@yahoo.com
Jeffrey,Alexander,5674566760,jeffrey.alexander@yahoo.com
Kathy,Ramos,8157677393,kathy.ramos@hotmail.com
Melissa,Franco,6906483827,melissa.franco@gmail.com
Brooke,Schwartz,3573193010,brooke.schwartz@yahoo.com
Timothy,Thompson,5457718234,timothy.thompson@gmail.com
Robin,Smith,9907923246,robin.smith@yahoo.com
Rebecca,Mccoy,5462936980,rebecca.mccoy@yahoo.com
Nicholas,Rose,7360358713,nicholas.rose@yahoo.com
Kelly,Bradley,4482292179,kelly.bradley@yahoo.com
Anthony,Green,4721891357,anthony.green@gmail.com
Eric,Hodges,3649601833,eric.hodges@gmail.com
Kimberly,Fletcher,3081117277,kimberly.fletcher@yahoo.com
Julie,Graves,3170643331,julie.graves@gmail.com
Karen,Hernandez,4361060789,karen.hernandez@hotmail.com
Elizabeth,Griffin,2767469462,elizabeth.griffin@gmail.com
Susan,Duncan,9243765003,susan.duncan@hotmail.com
Charles,Mcdowell,2192180351,charles.mcdowell@gmail.com
Timothy,Donaldson,7534324848,timothy.donaldson@gmail.com
Amanda,Erickson,7164694158,amanda.erickson@hotmail.com
Matthew,Horn,2060165283,matthew.horn@yahoo.com
Michael,Waller,9432511930,michael.waller@gmail.com
Gordon,Walker,6312250994,gordon.walker@hotmail.com
Nicole,Valdez,7373201384,nicole.valdez@gmail.com
Shane,Bullock,8678785363,shane.bullock@hotmail.com
Anna,Davis,8099370735,anna.davis@yahoo.com
Daniel,Smith,8849362618,daniel.smith@gmail.com
Carl,Saunders,9140873007,carl.saunders@yahoo.com
Crystal,Greene,3451932726,crystal.greene@hotmail.com
Edwin,Watson,8017215733,edwin.watson@yahoo.com
Timothy,Ibarra,3017394388,timothy.ibarra@hotmail.com
Scott,Suarez,6095204264,scott.suarez@hotmail.com
Jennifer,Rhodes,2812459778,jennifer.rhodes@hotmail.com
Jason,Rhodes,8780362109,jason.rhodes@yahoo.com
Daryl,French,6417637230,daryl.french@hotmail.com
Karen,Martin,8696526469,karen.martin@gmail.com
Austin,Newton,3632160697,austin.newton@gmail.com
Jimmy,Gomez,1815753886,jimmy.gomez@gmail.com
Dustin,King,7406651190,dustin.king@yahoo.com
Tyler,Tucker,9958910715,tyler.tucker@yahoo.com
Theresa,Perez,6726167465,theresa.perez@hotmail.com
Tyler,Castro,9121645643,tyler.castro@gmail.com
Ricky,Gonzales,3135727033,ricky.gonzales@gmail.com
James,Green,6029414265,james.green@yahoo.com
Joanne,Lopez,7391649191,joanne.lopez@hotmail.com
Ronald,Smith,9442673298,ronald.smith@gmail.com
Peter,Cooper,4759891737,peter.cooper@yahoo.com
Dale,Williams,1261794108,dale.williams@yahoo.com
Anthony,Smith,3700946275,anthony.smith@yahoo.com
Wesley,Franklin,2397718997,wesley.franklin@hotmail.com
Lauren,Nicholson,4033817120,lauren.nicholson@hotmail.com
Marcus,Bradley,3244897360,marcus.bradley@yahoo.com
Robert,Rodriguez,7985963257,robert.rodriguez@hotmail.com
Martin,Buck,2803467428,martin.buck@gmail.com
Howard,Strong,6836575579,howard.strong@gmail.com
Kelly,Burke,6091126742,kelly.burke@hotmail.com
Amber,Turner,5174912134,amber.turner@gmail.com
Julie,Carpenter,9550232162,julie.carpenter@hotmail.com
Alyssa,Hall,7663922464,alyssa.hall@yahoo.com
Emily,Frey,3563528411,emily.frey@yahoo.com
Tracy,Flores,3010329528,tracy.flores@yahoo.com
Helen,Berger,8427493923,helen.berger@gmail.com
Tamara,Greene,1831761791,tamara.greene@hotmail.com
Thomas,Mccoy,4274586520,thomas.mccoy@hotmail.com
James,Taylor,5335896795,james.taylor@hotmail.com
Michael,Gardner,8256855732,michael.gardner@yahoo.com
Tammy,Cruz,6602407406,tammy.cruz@gmail.com
Tyler,Hess,7553470998,tyler.hess@hotmail.com
Mary,Skinner,2308314873,mary.skinner@gmail.com
Audrey,Frank,7725226746,audrey.frank@hotmail.com
Wanda,Riley,8374461134,wanda.riley@hotmail.com
Shawn,Thomas,3549082364,shawn.thomas@gmail.com
Abigail,Larsen,2040393203,abigail.larsen@gmail.com
Mark,Moreno,7985570280,mark.moreno@yahoo.com
John,King,3184931580,john.king@hotmail.com
Tiffany,Frank,8711623295,tiffany.frank@yahoo.com
Kara,Brown,2129797401,kara.brown@gmail.com
John,Kennedy,6957814919,john.kennedy@hotmail.com
Tony,Porter,5568797813,tony.porter@yahoo.com
Ronald,Fox,8932165863,ronald.fox@gmail.com
Stephanie,Rodgers,9162128222,stephanie.rodgers@gmail.com
Jonathan,Cervantes,4069760689,jonathan.cervantes@gmail.com
Jeffrey,Moore,7057536442,jeffrey.moore@yahoo.com
Donna,Campbell,5851655539,donna.campbell@hotmail.com
Marissa,Garcia,1900437145,marissa.garcia@hotmail.com
Matthew,Lee,9105220761,matthew.lee@hotmail.com
Travis,Kelly,6879294479,travis.kelly@yahoo.com
Kelly,Smith,3727180194,kelly.smith@gmail.com
Rebecca,Mathews,5085115035,rebecca.mathews@hotmail.com
Sandra,Thomas,5114347028,sandra.thomas@yahoo.com
Gary,Woods,3437866705,gary.woods@yahoo.com
Kelly,Richards,1629897838,kelly.richards@gmail.com
Justin,Tran,2724271519,justin.tran@gmail.com
Joseph,Brooks,7212025515,joseph.brooks@yahoo.com
Andrew,Rodriguez,7891835846,andrew.rodriguez@yahoo.com
Christina,Frazier,7979033743,christina.frazier@yahoo.com
Julie,Edwards,5362380295,julie.edwards@yahoo.com
Randy,Gomez,6824878732,randy.gomez@gmail.com
Jennifer,Ellis,9406227905,jennifer.ellis@hotmail.com
Patrick,Perry,4000722168,patrick.perry@yahoo.com
Laura,Henry,8701691473,laura.henry@gmail.com
Darryl,Munoz,3123310630,darryl.munoz@yahoo.com
Karen,Neal,8777364847,karen.neal@hotmail.com
Monique,Luna,3643336157,monique.luna@yahoo.com
Anthony,Thompson,4556206845,anthony.thompson@yahoo.com
Cindy,Liu,3970814025,cindy.liu@hotmail.com
Erin,Curtis,7847077281,erin.curtis@hotmail.com
Felicia,Harris,3082929155,felicia.harris@hotmail.com
Beverly,Harrison,1897947292,beverly.harrison@yahoo.com
Mary,Mcintosh,9939353440,mary.mcintosh@yahoo.com
Jennifer,Robinson,6593774446,jennifer.robinson@hotmail.com
Tracy,Santiago,2468125754,tracy.santiago@yahoo.com
Anthony,Moon,3501803183,anthony.moon@yahoo.com
Benjamin,Barnett,5187754745,benjamin.barnett@hotmail.com
Marvin,Cook,5510606193,marvin.cook@yahoo.com
