CustomerID,SalesPersonID,SaleDate
1404,30,8/25/2022
1338,21,12/23/2023
590,3,5/1/2023
794,33,2/13/2024
386,1,12/14/2024
994,47,4/25/2024
896,47,8/22/2024
262,40,6/23/2024
922,21,10/28/2023
1496,13,12/8/2022
1372,1,3/30/2022
1082,16,3/5/2024
222,37,3/23/2023
875,31,1/13/2022
1476,50,2/11/2023
1190,18,9/23/2022
928,9,4/6/2022
51,35,2/12/2024
1076,47,1/16/2024
189,21,6/16/2023
340,26,9/19/2022
1449,20,8/5/2023
1160,18,10/9/2023
1069,26,12/13/2022
1187,3,4/27/2024
1330,25,4/22/2024
254,24,9/15/2023
415,29,2/21/2022
1363,19,11/14/2024
332,39,2/23/2022
471,39,9/1/2023
661,12,2/8/2023
875,23,6/20/2023
1471,9,5/17/2023
661,43,9/4/2023
700,26,6/5/2024
632,16,4/29/2024
1344,43,10/17/2022
895,27,9/30/2023
396,19,9/4/2024
256,35,9/12/2023
657,38,10/29/2022
1252,2,6/17/2022
1131,28,1/21/2022
225,22,2/11/2022
876,35,7/15/2022
1347,14,3/28/2024
1196,28,8/16/2024
571,8,2/12/2023
1421,48,10/3/2022
803,16,5/13/2024
1228,3,9/3/2024
1379,12,4/18/2022
1179,31,10/1/2023
820,34,2/19/2022
741,23,8/11/2022
603,18,6/21/2024
896,12,5/8/2023
483,22,9/11/2024
594,32,5/7/2023
1024,10,6/24/2022
1444,18,5/9/2024
316,48,6/9/2024
734,49,11/9/2023
732,19,2/3/2024
708,42,7/12/2023
21,40,5/24/2024
66,1,7/16/2024
846,3,12/12/2022
1473,24,5/12/2024
657,29,12/23/2022
128,28,2/11/2024
792,22,7/5/2022
634,39,5/10/2022
948,49,6/29/2023
235,1,7/8/2024
528,7,12/31/2022
446,14,4/21/2022
627,27,2/20/2023
925,49,2/14/2024
1309,12,11/28/2023
556,46,5/31/2022
403,11,7/14/2024
794,22,6/22/2024
809,11,11/28/2023
449,35,10/14/2022
48,8,6/30/2023
823,19,9/4/2023
495,47,7/8/2024
518,20,4/11/2023
231,4,3/30/2024
95,6,8/7/2024
1235,49,10/13/2023
612,32,8/16/2024
877,24,5/1/2024
720,28,8/26/2023
1003,9,7/23/2023
290,49,12/22/2022
305,30,2/25/2023
1453,41,6/26/2023
125,48,7/28/2024
580,18,7/6/2024
307,10,4/23/2023
25,29,6/26/2023
928,31,8/26/2023
1275,15,10/20/2023
249,1,10/31/2024
620,50,7/19/2024
646,26,8/27/2024
629,22,1/18/2024
832,45,2/5/2023
779,43,10/13/2023
929,35,4/15/2024
370,28,8/18/2023
393,11,8/25/2023
643,23,7/19/2023
462,49,6/14/2023
1027,38,2/10/2023
570,20,9/22/2022
1067,24,5/26/2022
1277,21,6/13/2022
1402,22,2/26/2024
1126,47,11/18/2022
905,42,11/27/2023
413,26,12/5/2024
740,26,3/13/2022
784,45,12/8/2022
253,28,5/25/2023
285,24,12/9/2022
33,50,2/9/2024
154,27,8/19/2022
516,31,12/15/2024
290,35,1/20/2024
1360,33,11/21/2023
791,11,4/28/2024
1394,25,4/4/2022
845,38,7/7/2023
643,5,7/13/2024
423,15,9/22/2024
1415,22,4/1/2023
208,15,12/12/2024
124,42,11/13/2024
830,30,1/15/2022
1016,27,9/19/2022
1414,40,4/25/2024
315,30,1/20/2023
378,30,8/21/2022
166,22,2/9/2022
367,11,6/17/2022
332,33,4/27/2023
214,15,9/19/2024
129,2,9/17/2023
23,45,7/29/2024
590,40,7/9/2024
294,50,6/29/2022
368,23,5/25/2024
661,32,2/19/2024
1139,30,1/4/2022
1040,45,12/6/2023
330,15,4/10/2022
364,7,9/5/2023
1459,49,4/15/2022
995,12,12/10/2024
1219,14,1/6/2022
722,30,4/7/2024
1065,18,9/23/2022
1126,31,8/28/2022
1017,11,12/8/2024
1092,32,12/4/2022
64,46,6/18/2024
315,17,3/12/2022
1341,26,10/4/2022
45,49,6/8/2024
1196,33,6/4/2023
505,31,9/3/2024
625,43,8/18/2024
57,8,12/7/2024
748,43,5/25/2023
1290,29,12/26/2022
545,35,11/22/2023
1128,28,9/27/2023
737,47,5/2/2024
1344,14,1/5/2023
1322,44,8/7/2022
723,26,8/15/2022
1443,7,3/21/2022
851,42,1/27/2024
529,36,10/13/2022
725,48,6/1/2024
343,49,1/5/2024
163,24,8/29/2023
666,31,9/9/2023
1202,20,3/26/2022
633,5,7/4/2022
912,47,9/7/2023
1048,9,6/2/2023
515,40,8/6/2022
585,47,3/10/2022
873,3,1/26/2023
536,2,8/9/2024
642,42,3/14/2024
758,47,8/27/2024
85,9,8/7/2023
876,34,8/3/2024
1001,20,7/4/2024
356,5,11/15/2022
897,27,1/11/2022
1399,40,8/5/2024
1240,22,9/14/2023
1500,25,6/30/2024
740,34,4/12/2022
1318,37,5/8/2023
68,29,7/31/2024
591,50,5/8/2023
1045,9,5/23/2024
1040,16,7/15/2024
556,33,7/3/2023
519,34,12/21/2023
106,3,10/9/2023
1190,8,7/18/2023
1049,6,11/18/2024
1368,13,8/2/2024
1466,21,3/24/2024
675,40,8/19/2023
875,48,10/22/2022
1071,43,4/24/2023
1148,49,11/22/2023
866,5,7/25/2023
634,5,4/15/2022
224,29,11/5/2022
495,18,12/23/2022
1357,17,9/3/2022
147,40,6/14/2022
328,34,9/2/2023
747,12,8/21/2023
716,48,9/8/2022
1320,50,3/29/2022
687,13,5/24/2023
1092,41,3/10/2022
918,7,4/28/2024
1225,17,6/21/2022
138,42,1/14/2023
1242,13,10/30/2023
394,38,8/17/2024
151,31,5/31/2024
1255,3,8/4/2022
316,3,3/28/2024
1091,23,5/24/2023
1110,28,4/29/2022
1378,18,9/27/2022
1115,47,4/30/2022
420,40,4/13/2023
1379,13,7/11/2022
894,22,6/9/2024
1030,21,7/30/2023
112,5,2/21/2024
595,6,8/19/2022
16,26,8/29/2023
1311,23,7/10/2022
1234,4,2/17/2022
938,23,4/26/2023
661,23,4/29/2022
845,15,1/20/2023
1189,44,10/22/2023
1428,47,6/29/2024
278,19,2/22/2022
943,20,7/15/2024
577,6,1/31/2022
137,45,9/7/2023
1184,5,9/27/2024
419,41,11/13/2024
196,27,4/18/2024
1461,8,9/4/2023
157,43,12/31/2023
77,42,1/4/2023
1033,17,1/16/2024
404,5,8/14/2022
1090,37,4/16/2024
954,7,10/8/2024
378,30,7/28/2023
1391,32,7/6/2023
1414,22,11/12/2022
227,47,4/18/2024
780,27,4/15/2023
326,27,10/16/2023
678,12,10/26/2022
215,7,5/2/2022
582,37,10/9/2023
258,19,3/10/2022
1398,36,10/29/2022
937,36,2/6/2023
894,3,8/25/2024
368,43,6/14/2022
903,27,3/13/2022
68,46,7/7/2024
305,18,4/28/2022
115,32,3/25/2022
984,11,7/4/2023
1325,31,10/5/2022
842,43,12/4/2024
1120,40,7/15/2023
356,24,9/7/2023
1130,34,1/21/2024
1272,19,4/27/2022
988,44,7/21/2024
158,39,5/26/2022
121,12,6/30/2024
1357,20,4/17/2022
446,4,12/2/2022
252,22,5/6/2024
223,12,3/6/2023
352,12,7/11/2024
1067,2,12/2/2023
146,50,1/30/2022
705,3,1/3/2024
113,21,2/20/2022
760,14,4/29/2022
1245,14,9/26/2023
1163,30,12/4/2024
1156,5,6/18/2023
1236,32,5/3/2024
1434,14,12/16/2024
1213,12,6/16/2022
859,10,4/3/2022
1346,40,4/5/2023
1176,22,10/2/2022
505,44,12/22/2024
341,9,6/12/2024
796,17,11/9/2022
73,14,2/18/2023
1394,26,8/4/2022
961,5,12/6/2022
798,3,9/29/2024
1367,35,7/25/2024
1466,3,9/29/2023
513,26,1/14/2023
1436,11,10/11/2024
1069,17,2/19/2023
827,7,10/10/2022
516,30,8/16/2024
751,37,1/6/2022
1094,23,6/5/2024
1479,4,4/25/2023
876,34,12/18/2023
766,33,10/25/2022
1400,23,4/20/2023
971,33,1/28/2022
600,19,10/27/2023
617,5,6/17/2022
1311,22,11/29/2024
580,5,6/7/2023
519,1,1/9/2022
87,32,10/31/2024
1345,46,8/10/2023
1067,23,1/11/2024
74,5,3/4/2023
735,4,12/5/2022
307,1,1/23/2024
1364,29,11/25/2023
253,33,6/1/2024
1369,8,8/5/2023
943,38,9/18/2022
999,33,2/26/2024
315,9,3/30/2024
1079,26,11/13/2023
825,42,4/23/2023
1191,1,11/24/2023
1140,29,6/3/2024
1347,9,9/16/2024
261,45,8/31/2024
997,28,6/15/2023
158,10,3/20/2022
985,48,8/12/2024
251,1,8/15/2022
529,15,1/14/2024
1479,35,3/16/2024
5,2,8/12/2023
449,9,12/25/2022
1321,38,3/25/2023
1492,14,2/24/2024
976,19,2/15/2024
343,11,10/9/2023
910,2,9/17/2024
83,49,6/13/2024
624,48,3/17/2024
493,43,7/13/2024
1330,18,6/7/2022
964,29,5/9/2023
918,5,5/23/2023
890,12,11/19/2023
803,48,9/11/2024
404,47,1/28/2023
1403,7,7/26/2022
563,30,4/13/2022
911,49,4/3/2023
958,30,1/17/2023
613,12,11/30/2023
1478,6,5/22/2023
558,31,11/13/2023
1083,40,3/22/2024
512,17,3/12/2023
530,32,5/3/2022
1025,34,8/24/2022
204,32,1/29/2023
923,31,1/12/2023
1041,47,11/22/2024
1119,2,8/19/2022
1484,45,5/20/2023
702,21,4/17/2024
653,5,3/10/2023
746,1,7/24/2023
196,37,9/11/2022
132,36,6/9/2022
16,3,3/18/2023
476,13,1/29/2022
173,50,4/28/2024
1379,16,4/12/2023
156,36,3/21/2023
1150,19,6/4/2022
798,7,2/8/2024
1288,44,5/13/2023
939,36,1/3/2023
1393,45,8/16/2022
1447,50,8/2/2022
616,15,5/15/2023
783,7,11/24/2022
306,24,5/25/2022
90,25,1/3/2023
518,7,10/12/2023
1414,37,2/14/2024
789,6,9/16/2024
148,34,11/13/2024
1201,43,3/26/2022
938,28,4/20/2024
127,38,7/4/2024
917,20,4/18/2024
1386,12,11/27/2024
1126,14,11/9/2022
1397,48,7/26/2023
245,45,2/12/2024
421,39,6/23/2024
447,16,4/14/2024
389,21,7/16/2023
50,22,11/5/2024
123,1,12/15/2024
1280,41,9/19/2022
140,32,1/20/2023
611,19,3/10/2024
1221,3,1/21/2023
827,7,6/25/2023
369,18,7/3/2022
518,38,12/10/2022
1028,20,4/26/2023
1443,38,1/9/2024
46,30,9/27/2023
220,36,11/16/2022
94,50,2/17/2023
464,8,5/21/2022
736,35,5/13/2023
79,26,8/2/2023
77,35,1/26/2023
1048,37,8/26/2022
686,41,10/11/2024
1283,21,7/25/2022
1077,13,3/7/2024
58,18,9/16/2024
692,31,5/9/2024
474,25,11/16/2024
1408,15,1/12/2024
130,21,8/19/2024
184,41,7/25/2024
1153,39,6/5/2023
858,41,10/25/2022
1364,36,4/6/2024
922,24,5/22/2023
825,20,5/16/2022
459,4,8/27/2022
635,37,3/4/2024
499,17,11/29/2022
652,46,6/6/2024
766,47,1/10/2024
438,38,5/26/2022
902,28,10/4/2022
1411,34,1/31/2023
849,42,5/6/2023
790,10,7/22/2024
567,43,11/14/2023
1329,18,5/30/2023
1336,9,11/30/2023
1488,1,8/12/2023
1284,42,1/16/2023
127,32,5/10/2023
1163,26,11/11/2023
945,34,6/15/2024
470,38,11/6/2024
783,1,11/19/2024
105,7,1/17/2022
1090,49,10/7/2024
1427,28,3/20/2024
1283,19,11/26/2023
53,1,8/6/2024
337,17,8/11/2023
1500,38,7/15/2022
604,48,9/4/2024
1073,28,6/21/2023
829,12,8/3/2022
827,17,11/23/2023
878,29,7/6/2024
722,49,7/19/2023
88,45,6/3/2023
240,49,2/21/2024
1117,27,11/27/2022
332,5,9/21/2022
104,1,8/19/2022
768,9,4/6/2023
562,42,2/24/2023
187,32,12/22/2023
491,10,8/1/2024
534,35,9/26/2023
212,33,8/11/2024
875,3,6/19/2024
706,19,10/7/2024
140,9,2/4/2024
927,32,9/29/2023
576,48,12/4/2022
704,14,12/5/2024
620,7,9/6/2023
665,5,2/8/2024
825,7,12/26/2023
587,44,9/19/2023
673,49,4/22/2023
394,45,8/9/2022
792,18,3/23/2023
847,36,6/9/2022
555,23,10/10/2022
1197,23,3/24/2023
372,26,1/30/2024
600,42,5/6/2023
1313,23,12/9/2022
701,41,8/1/2024
1148,11,4/6/2022
794,5,10/23/2023
862,13,1/2/2024
1330,28,9/11/2022
1058,3,2/15/2023
1169,46,5/6/2024
94,38,4/25/2024
108,8,3/24/2022
140,29,4/19/2022
1215,3,6/9/2023
724,38,3/27/2023
979,15,2/9/2024
1416,37,4/11/2023
1202,12,7/30/2024
904,23,1/10/2022
1220,12,3/22/2022
599,14,6/13/2023
1208,11,2/15/2024
1004,4,7/13/2023
412,33,9/26/2024
1251,50,4/6/2024
1482,8,5/24/2022
1047,33,1/30/2023
653,47,3/13/2023
259,34,3/31/2022
678,47,8/22/2024
205,11,7/7/2023
98,5,9/3/2023
363,37,6/2/2022
85,15,4/7/2023
679,50,7/2/2022
1120,50,4/13/2022
884,24,1/27/2024
181,34,1/14/2022
602,1,11/24/2022
230,39,9/7/2024
109,17,8/9/2024
692,42,4/14/2023
261,5,5/8/2023
21,23,9/11/2024
1270,37,3/28/2023
635,1,9/7/2022
15,38,9/3/2024
543,5,8/30/2023
534,26,4/9/2022
284,2,6/5/2024
1418,20,4/21/2024
930,12,12/8/2024
521,42,9/22/2024
1412,2,2/4/2023
1388,17,10/31/2023
265,22,12/29/2024
20,43,12/22/2024
1431,46,7/18/2023
971,22,3/7/2023
932,25,6/29/2023
1484,25,10/1/2023
1093,11,10/27/2022
1264,27,9/1/2022
569,1,11/23/2024
587,32,1/1/2023
1387,26,6/30/2024
92,17,9/15/2024
1121,31,6/7/2023
986,42,1/28/2022
26,8,3/21/2023
245,40,10/25/2023
1473,27,10/21/2022
700,16,10/26/2022
988,45,2/29/2024
1173,7,2/17/2023
399,3,9/26/2024
488,36,7/4/2024
180,20,8/9/2023
906,9,6/2/2024
477,8,8/30/2023
1429,16,1/1/2025
732,14,4/13/2023
1358,44,11/11/2022
1067,46,11/18/2024
626,16,7/17/2023
955,50,4/23/2023
1213,31,7/3/2022
569,28,11/13/2024
1372,39,5/8/2023
1114,27,9/5/2024
847,10,1/11/2024
1289,48,8/6/2023
53,11,5/4/2022
546,17,6/20/2023
910,23,2/10/2023
414,36,11/7/2024
1104,34,1/11/2023
1190,3,11/28/2024
1193,49,6/15/2023
1086,26,4/16/2024
916,38,5/16/2022
849,24,12/8/2023
1358,30,12/6/2024
227,38,2/10/2023
789,46,3/3/2023
1076,36,6/17/2022
165,3,2/4/2023
1405,45,7/5/2023
1060,39,12/10/2022
1491,9,5/18/2024
530,16,2/13/2023
985,21,8/29/2022
1286,29,12/3/2024
464,50,3/9/2024
30,40,2/3/2024
1029,31,2/14/2024
280,46,2/17/2022
977,6,5/27/2024
1150,36,10/30/2022
46,43,3/1/2023
1410,20,1/20/2022
993,41,11/22/2023
685,23,8/9/2024
1333,5,12/10/2023
706,50,2/24/2023
1468,4,10/20/2022
1403,41,8/4/2022
193,9,5/27/2024
1390,50,1/23/2022
297,22,11/7/2024
167,50,9/17/2024
1108,17,4/15/2023
903,25,7/20/2022
662,49,3/8/2023
1486,15,3/18/2023
981,25,4/24/2024
1222,13,7/9/2022
1423,38,8/12/2024
494,36,8/31/2024
322,12,8/26/2023
443,2,2/13/2024
774,38,8/28/2022
981,22,5/31/2022
566,21,8/13/2024
1441,19,12/19/2024
815,50,9/13/2023
1080,3,9/8/2022
552,33,2/14/2024
1056,40,10/21/2022
320,31,3/27/2022
517,50,1/30/2022
676,27,8/27/2023
553,38,3/24/2023
627,15,7/31/2022
922,43,3/31/2022
514,31,8/23/2023
653,30,1/24/2024
631,42,9/28/2022
206,13,11/25/2024
1308,38,2/17/2024
22,40,7/24/2022
57,25,11/30/2023
1439,26,4/12/2024
706,14,8/1/2024
1233,11,6/25/2023
849,40,5/19/2023
141,15,4/21/2024
848,12,7/27/2023
1327,33,11/22/2022
401,13,11/19/2024
34,27,5/1/2024
1051,33,8/16/2023
1010,48,4/27/2023
1418,17,2/2/2024
24,18,9/13/2022
1286,48,9/19/2022
824,33,11/3/2024
1160,7,1/20/2022
489,28,1/16/2023
1373,27,8/31/2022
1434,5,8/23/2024
639,33,11/14/2023
14,26,2/16/2023
103,34,9/18/2024
1229,49,3/19/2022
364,28,7/17/2023
648,20,2/11/2024
757,41,10/15/2023
271,35,7/5/2024
31,16,12/8/2024
636,42,1/27/2023
1087,40,2/5/2023
333,27,1/4/2024
524,29,3/3/2024
15,38,3/16/2022
1409,47,7/8/2022
274,46,7/2/2024
1084,26,4/10/2024
605,50,7/14/2024
291,39,5/11/2024
618,15,1/13/2023
1448,21,12/13/2023
346,24,2/18/2023
1182,7,10/20/2024
209,4,2/10/2023
1095,43,5/27/2024
1374,5,9/21/2023
174,26,3/13/2024
388,31,9/15/2024
691,20,3/30/2022
262,10,7/21/2023
985,37,11/6/2023
601,9,12/13/2024
400,42,8/29/2022
83,29,8/12/2023
856,8,8/21/2023
1210,44,8/10/2023
480,40,3/22/2024
675,1,9/19/2023
542,1,5/13/2022
1091,27,11/30/2022
864,45,11/5/2024
443,26,12/28/2023
27,47,7/10/2023
40,25,5/12/2022
74,2,4/13/2022
1036,30,10/28/2024
159,37,2/14/2023
826,46,3/18/2022
788,49,12/29/2022
899,30,2/7/2023
278,13,5/2/2023
296,27,3/31/2022
1050,41,12/25/2023
888,30,1/5/2024
218,11,8/1/2024
577,21,7/29/2023
1435,47,3/8/2022
314,23,6/2/2023
515,50,6/4/2023
796,44,6/10/2022
500,14,12/15/2022
1435,43,4/13/2022
294,45,12/4/2023
309,20,12/2/2023
968,43,6/21/2024
733,6,5/17/2022
70,17,11/4/2024
1329,9,6/30/2024
1030,48,9/10/2022
749,1,9/3/2024
788,37,8/24/2022
1020,42,12/18/2023
753,18,3/9/2024
606,18,8/25/2022
292,49,5/14/2022
1162,43,10/8/2022
1181,18,1/1/2022
64,24,3/21/2023
1161,9,3/21/2023
343,39,4/9/2024
440,3,5/28/2022
74,21,3/10/2022
143,28,11/7/2022
1154,25,7/22/2022
957,25,3/15/2024
1439,14,5/21/2023
349,27,9/15/2023
1474,38,5/24/2023
977,25,5/17/2024
493,46,10/6/2022
541,6,9/15/2023
425,41,8/27/2023
722,6,10/29/2023
421,11,5/21/2023
267,32,12/26/2023
868,28,10/9/2022
1360,14,4/1/2022
857,42,9/6/2024
421,42,6/9/2023
482,29,4/9/2022
552,40,11/28/2023
432,24,9/30/2024
1018,10,2/5/2022
669,44,4/23/2024
1342,33,1/19/2024
598,25,7/8/2023
695,45,7/13/2022
665,42,4/28/2024
399,10,12/4/2022
190,4,7/14/2024
873,28,6/9/2024
313,46,1/1/2022
1361,40,4/25/2024
747,31,12/27/2023
551,49,3/4/2022
346,40,4/22/2024
1398,45,4/9/2022
1010,23,7/15/2022
5,23,6/17/2022
799,20,8/27/2023
506,30,6/24/2023
43,32,1/11/2024
893,49,3/25/2023
1209,35,6/16/2024
915,41,5/31/2023
998,20,4/23/2024
735,28,12/26/2024
1434,34,7/20/2022
841,24,3/16/2023
1366,18,5/26/2023
1085,7,10/28/2022
572,31,11/2/2022
1099,3,3/18/2024
1210,35,6/21/2023
1036,20,7/25/2024
1360,11,1/31/2023
921,10,10/10/2022
553,42,6/17/2024
1228,10,9/24/2024
587,33,10/1/2022
985,47,1/23/2023
219,47,9/22/2022
1394,19,1/25/2023
160,10,12/24/2023
564,37,2/24/2022
30,11,11/11/2022
1017,24,8/14/2022
993,30,9/22/2024
901,38,1/19/2024
1385,21,12/18/2022
1462,21,5/28/2022
129,15,9/19/2023
1334,22,6/24/2022
7,1,12/8/2023
1456,22,9/22/2024
821,25,8/8/2023
486,15,10/18/2023
19,14,10/22/2023
162,5,10/16/2022
240,7,9/4/2022
300,25,7/28/2022
716,31,6/30/2022
348,33,2/4/2024
1071,29,5/14/2022
756,14,10/27/2022
844,15,9/7/2023
34,15,10/22/2023
1420,30,6/25/2023
1095,44,8/24/2023
1347,16,4/8/2022
55,19,10/14/2024
594,28,8/18/2023
107,31,12/9/2022
842,43,10/18/2023
423,23,2/22/2023
793,10,3/8/2024
788,48,12/28/2023
394,46,10/8/2022
1461,33,3/4/2023
204,2,6/6/2023
126,44,3/20/2024
647,4,10/15/2022
828,38,7/25/2024
277,38,6/23/2023
966,19,7/14/2023
1255,28,1/22/2023
114,6,9/2/2022
1298,41,7/15/2022
251,48,9/5/2022
564,12,3/27/2024
1499,10,12/28/2022
1383,18,1/10/2023
916,42,2/20/2024
1307,49,5/2/2023
1292,26,3/9/2022
580,50,10/26/2022
1109,24,8/1/2023
1058,1,3/7/2022
1250,44,1/28/2024
1455,37,1/19/2022
861,19,7/15/2024
621,19,12/8/2024
825,36,12/29/2024
779,12,4/4/2023
868,50,2/18/2024
223,21,4/26/2024
917,47,8/13/2024
256,47,10/5/2023
697,38,10/2/2022
1195,41,5/31/2024
932,25,4/20/2023
578,38,7/6/2022
1151,30,3/25/2023
1232,43,2/8/2023
78,10,5/12/2024
782,8,11/16/2022
477,48,4/19/2024
719,44,1/22/2022
1082,24,8/21/2023
197,27,1/28/2023
188,42,8/19/2023
849,39,9/19/2022
1338,29,8/2/2024
629,19,11/3/2023
1236,10,6/23/2023
1350,37,8/4/2023
625,18,3/25/2023
343,7,2/4/2023
682,35,4/21/2023
507,36,12/1/2023
918,1,2/14/2023
353,15,10/15/2022
606,14,7/16/2023
977,22,12/17/2024
506,17,11/10/2023
859,7,10/4/2022
435,39,5/6/2023
147,29,8/4/2022
328,26,11/2/2023
207,39,5/27/2024
495,35,1/30/2023
1241,8,5/2/2023
1219,15,12/8/2023
780,9,8/2/2024
1167,30,7/29/2024
688,30,4/8/2023
1378,28,12/26/2024
1154,11,11/30/2023
1128,50,9/28/2024
914,25,7/23/2022
1060,4,7/9/2024
380,18,7/18/2022
270,22,12/24/2024
1482,41,10/31/2024
91,34,7/29/2023
949,43,11/2/2024
1450,46,9/7/2022
410,2,3/10/2022
1337,38,1/24/2024
1252,17,11/18/2022
1379,44,9/25/2022
1391,40,11/20/2022
620,7,8/1/2024
1463,26,10/16/2024
1011,43,7/29/2022
189,16,4/8/2024
1046,23,1/27/2023
302,16,2/15/2024
62,27,1/31/2024
1063,12,6/25/2023
1268,8,9/6/2022
1148,14,3/8/2023
295,21,12/4/2022
357,49,6/6/2024
670,19,8/12/2024
203,31,6/4/2022
178,12,1/10/2022
1448,7,9/15/2024
414,43,4/29/2024
881,3,1/25/2022
675,39,3/17/2022
1316,28,1/12/2024
1299,28,3/9/2024
526,5,10/5/2023
1423,9,2/19/2024
1134,20,3/31/2024
855,41,10/28/2023
753,7,10/31/2024
766,8,3/18/2022
939,10,8/25/2023
107,50,10/25/2023
982,20,9/15/2024
286,38,4/28/2022
1476,29,8/28/2024
220,16,10/29/2023
456,39,3/28/2023
752,41,8/26/2023
253,16,9/14/2024
1065,41,6/23/2024
487,27,1/10/2024
640,14,7/31/2023
84,14,2/14/2023
313,16,7/17/2023
322,32,1/20/2022
256,12,3/9/2023
118,49,12/26/2024
231,15,6/8/2023
1168,43,10/19/2022
1480,10,12/10/2022
429,17,8/4/2024
638,20,9/12/2024
405,18,3/31/2022
800,47,3/30/2023
172,34,4/25/2022
783,35,10/26/2023
1202,20,8/10/2024
1326,9,9/5/2023
1489,26,11/5/2023
1080,21,12/25/2023
1226,36,11/2/2023
706,42,6/19/2022
1066,15,5/15/2023
228,1,3/2/2023
1340,38,9/18/2023
1022,33,5/1/2023
1267,16,11/21/2023
360,44,3/24/2022
1332,46,4/24/2022
589,27,2/21/2023
100,17,12/9/2024
1257,24,11/20/2024
345,20,3/25/2024
1104,21,1/18/2022
1460,5,10/14/2022
1455,49,2/11/2022
1372,50,2/29/2024
921,13,9/30/2023
1205,23,12/3/2022
1412,8,6/16/2023
278,13,9/12/2022
380,44,6/14/2022
468,20,3/23/2023
1275,10,3/18/2022
1416,26,9/19/2022
453,2,1/23/2023
104,3,4/9/2022
1332,45,3/1/2024
100,49,4/22/2023
1455,41,8/16/2023
951,35,11/3/2023
1131,5,8/18/2022
275,35,3/16/2022
693,48,5/15/2024
632,39,6/15/2023
1180,41,1/23/2022
1392,45,11/28/2024
1224,33,11/29/2024
1110,35,8/24/2023
1476,24,2/10/2024
461,15,1/31/2024
752,12,11/25/2023
1106,29,3/31/2022
348,37,10/15/2022
873,24,4/30/2024
232,28,3/17/2023
1362,42,8/7/2023
851,18,4/10/2024
1345,44,10/1/2023
1441,13,10/13/2023
41,32,1/30/2024
479,35,1/28/2024
116,16,3/23/2022
44,41,11/16/2023
68,47,10/15/2024
921,49,11/18/2023
101,36,7/15/2024
482,21,4/1/2022
586,30,7/13/2022
56,45,2/8/2023
1431,43,7/9/2022
1020,39,10/29/2024
1332,16,12/1/2023
253,34,12/12/2024
1106,14,5/10/2023
1363,6,3/22/2024
1247,19,6/30/2023
985,29,11/6/2024
936,40,6/20/2022
739,21,8/13/2023
21,44,4/18/2023
964,12,12/14/2023
1330,19,1/11/2024
236,30,6/11/2024
919,28,11/28/2022
1343,38,10/16/2022
672,27,2/16/2022
23,38,5/6/2023
226,4,7/10/2022
147,30,12/5/2022
569,12,3/26/2024
1242,4,9/9/2023
1468,11,1/30/2024
1472,38,6/7/2024
1294,25,1/1/2022
67,2,11/11/2024
1317,10,8/29/2024
436,16,2/13/2022
405,41,3/22/2022
924,26,10/22/2022
781,16,4/1/2024
726,39,10/24/2024
1460,39,1/6/2024
1349,20,5/8/2022
776,18,1/10/2023
51,46,9/13/2024
1374,1,5/30/2022
862,44,8/1/2024
1375,31,3/31/2022
905,2,5/10/2022
1298,23,5/8/2023
395,9,11/5/2023
409,1,8/11/2024
771,2,12/25/2024
732,35,10/23/2023
831,24,5/4/2024
485,9,5/29/2024
238,45,7/4/2023
850,10,8/8/2022
1126,40,4/30/2023
911,1,11/12/2022
1397,27,3/24/2024
797,11,5/20/2024
734,40,10/12/2023
79,7,9/23/2022
520,47,3/22/2024
199,35,8/11/2023
913,22,10/22/2024
21,24,7/11/2022
813,38,5/27/2024
721,38,1/9/2024
1036,3,4/8/2023
381,43,8/28/2022
721,10,9/15/2022
1166,22,4/13/2023
305,3,5/21/2024
448,44,1/28/2023
1065,13,8/30/2024
663,21,3/28/2022
225,4,9/19/2024
1080,4,9/23/2022
848,47,1/1/2022
542,36,9/25/2023
389,10,12/17/2022
428,48,9/7/2024
486,5,2/8/2024
290,46,5/13/2024
1440,23,5/21/2023
666,20,4/20/2023
912,48,3/2/2023
106,15,12/25/2022
1035,39,11/13/2024
791,33,5/19/2022
666,45,9/14/2023
903,39,11/19/2023
718,16,4/4/2022
1056,11,4/16/2024
1380,38,1/28/2022
1229,49,5/26/2022
69,48,1/30/2024
737,2,10/2/2022
541,33,3/14/2024
293,23,5/27/2023
835,40,1/5/2024
451,6,4/4/2024
446,27,9/30/2023
546,19,8/28/2023
710,9,3/19/2023
694,12,11/24/2024
1144,33,6/12/2023
1337,29,12/7/2022
438,5,6/30/2023
737,14,7/30/2024
956,39,4/14/2024
859,19,2/22/2022
1008,13,6/1/2022
1456,16,12/11/2024
1312,11,5/26/2022
597,17,9/8/2023
256,36,3/4/2022
1406,38,10/24/2024
259,47,5/5/2024
1220,32,2/28/2023
1298,47,9/20/2024
915,25,1/6/2023
778,18,8/7/2022
1456,22,3/6/2023
1382,15,9/21/2023
989,5,7/4/2022
1268,13,3/26/2023
329,5,12/31/2024
884,49,5/9/2022
817,42,6/15/2024
290,27,1/11/2023
1223,12,2/10/2023
442,17,6/27/2024
128,17,1/29/2022
311,34,4/19/2022
133,2,12/26/2024
107,41,2/24/2023
1067,2,6/30/2022
714,3,9/12/2024
636,15,12/17/2022
142,16,12/13/2022
1112,44,3/10/2023
1183,4,2/11/2022
1283,30,4/3/2022
1140,24,4/13/2023
808,22,4/7/2023
731,40,6/25/2023
944,32,11/25/2023
1425,26,2/6/2024
31,9,2/24/2023
600,28,7/1/2024
1404,4,10/27/2022
951,9,10/24/2024
46,15,1/23/2024
429,3,4/12/2024
163,10,1/28/2024
705,36,5/4/2024
735,46,2/29/2024
623,46,11/2/2023
1040,12,10/16/2024
983,48,8/7/2024
1202,31,9/2/2022
1092,50,1/10/2024
50,33,3/22/2023
945,44,5/5/2022
272,19,6/11/2023
1169,32,10/6/2023
1375,45,9/26/2023
246,1,9/10/2024
700,36,3/9/2023
1377,16,8/13/2022
746,25,7/2/2023
205,19,7/4/2022
1111,42,5/4/2023
1359,2,12/11/2024
236,49,1/19/2024
223,42,6/16/2024
483,34,8/9/2024
464,9,2/26/2023
1266,10,7/8/2022
509,28,2/24/2023
181,34,7/27/2023
686,14,1/14/2022
1364,41,4/23/2023
1166,20,5/19/2022
939,7,3/15/2024
877,37,12/11/2022
905,15,7/16/2024
1054,47,9/14/2023
988,27,4/11/2023
528,10,3/11/2022
373,22,7/2/2024
262,35,2/27/2022
1131,18,12/3/2024
34,7,3/18/2024
864,5,3/25/2024
1004,41,1/16/2024
548,25,9/5/2024
577,43,11/27/2024
744,49,9/14/2022
1232,33,10/8/2024
222,2,10/14/2022
184,35,8/31/2022
392,43,6/12/2023
1094,20,10/24/2022
454,19,7/31/2024
347,35,9/17/2023
1269,2,5/22/2024
180,17,8/19/2023
1073,36,5/25/2023
240,27,2/24/2022
1436,20,12/21/2023
1074,46,4/5/2023
704,3,11/22/2022
1335,13,1/1/2025
460,19,1/29/2023
256,24,2/25/2023
803,22,10/19/2023
1335,6,3/26/2023
196,39,11/13/2023
574,34,8/25/2022
1201,20,10/12/2022
226,7,2/23/2023
1408,36,2/9/2023
860,23,8/25/2022
1148,18,12/16/2023
150,24,2/25/2022
89,20,5/30/2023
718,7,7/22/2022
1377,9,3/5/2022
1260,42,11/2/2022
434,39,7/8/2023
31,41,1/24/2024
948,30,12/4/2024
1121,10,5/15/2022
124,13,1/7/2024
538,19,5/10/2024
462,2,3/24/2022
1441,3,5/1/2024
1035,14,7/23/2022
1143,1,4/9/2022
1335,11,9/7/2023
1383,21,11/12/2022
937,40,12/26/2022
820,40,12/22/2023
817,11,1/15/2024
938,10,6/8/2022
389,32,2/9/2023
1195,21,7/8/2024
166,44,1/16/2022
20,33,4/10/2023
744,3,1/16/2022
731,49,7/26/2024
629,27,7/28/2023
472,34,10/25/2024
208,42,1/15/2022
294,5,4/17/2022
984,26,11/9/2023
1007,40,7/10/2024
307,25,5/22/2023
214,43,2/21/2024
1310,15,7/21/2023
200,39,6/28/2022
75,33,3/12/2022
1398,20,4/5/2023
1154,28,5/9/2023
494,47,11/19/2023
351,12,8/4/2024
334,22,3/24/2023
636,9,2/2/2023
63,36,1/10/2023
321,44,7/6/2024
501,39,6/3/2022
317,22,10/12/2023
295,7,7/9/2022
910,42,12/19/2022
1175,49,4/22/2023
491,4,5/4/2023
690,19,10/15/2024
820,12,4/1/2022
625,2,1/25/2023
842,26,2/11/2022
1110,6,10/2/2022
930,27,3/25/2023
1248,32,5/29/2024
894,8,8/2/2023
536,43,3/20/2023
714,22,12/7/2024
1207,26,11/4/2024
1496,41,8/30/2022
1034,18,8/12/2024
1362,35,5/4/2024
260,46,7/6/2024
1185,22,10/19/2023
188,13,6/2/2023
1186,11,11/1/2024
924,12,10/19/2023
506,47,11/4/2022
1284,47,4/10/2022
583,32,5/4/2022
310,4,4/24/2024
177,16,1/9/2022
663,39,10/11/2022
599,8,10/7/2023
1432,10,3/21/2022
1411,11,9/20/2024
711,6,1/29/2023
254,40,11/25/2024
916,6,11/24/2024
83,37,11/11/2024
863,16,6/19/2024
61,39,10/4/2024
761,26,7/27/2024
920,43,3/19/2024
56,38,8/30/2023
386,12,1/8/2023
604,32,2/25/2024
1032,40,10/9/2022
731,41,11/9/2023
899,29,3/12/2022
995,42,12/12/2024
1049,18,1/2/2022
824,16,4/7/2024
134,41,3/3/2024
691,4,10/20/2022
1093,20,3/1/2022
210,46,2/24/2023
1382,15,4/22/2022
312,48,7/4/2024
218,18,7/28/2024
258,11,11/18/2022
41,18,7/4/2024
1044,30,9/8/2023
455,43,6/6/2022
1241,35,2/22/2023
917,38,8/21/2024
1376,41,8/11/2024
1384,35,10/21/2022
5,2,4/21/2022
1131,21,10/28/2024
166,48,11/21/2023
225,10,4/18/2024
990,46,6/27/2022
1080,12,10/16/2023
1010,22,6/13/2023
659,35,6/2/2024
164,18,5/24/2022
392,17,8/8/2024
506,36,9/30/2024
752,16,7/12/2022
140,18,3/22/2022
338,31,12/28/2024
38,48,7/19/2023
501,6,2/7/2023
966,7,4/8/2022
1478,25,10/29/2022
590,29,10/14/2022
737,25,7/3/2024
1010,20,3/11/2023
974,30,4/18/2022
1159,31,3/25/2022
1126,30,1/18/2024
1185,6,10/31/2024
48,27,5/19/2024
217,46,9/5/2023
145,42,6/4/2022
318,42,9/25/2024
792,28,9/13/2024
1167,3,8/7/2023
640,27,1/27/2022
612,28,8/14/2022
1382,42,1/16/2022
459,46,9/12/2024
176,48,2/18/2024
742,29,8/8/2023
400,42,2/5/2022
620,50,4/6/2023
509,23,9/4/2022
1118,44,11/10/2023
1265,44,4/20/2023
1472,49,3/9/2023
19,27,4/15/2022
897,42,10/1/2022
1296,28,5/24/2023
524,32,7/22/2024
1065,40,8/24/2023
1146,18,9/3/2023
374,22,6/14/2024
711,41,11/23/2023
1158,22,8/13/2022
826,46,5/26/2023
1119,32,5/21/2022
375,14,11/6/2024
993,40,4/10/2024
8,42,9/12/2023
1057,48,4/15/2024
1127,50,11/30/2024
637,1,2/9/2024
734,48,5/2/2022
430,32,4/7/2023
677,4,3/16/2024
790,1,11/16/2024
1457,8,4/23/2023
144,42,11/13/2022
107,10,1/2/2023
502,38,4/5/2022
252,32,10/26/2023
286,13,6/12/2024
619,47,4/19/2023
1395,48,12/26/2022
1357,6,5/6/2023
992,25,2/16/2024
1063,2,2/17/2023
779,16,4/15/2022
55,48,12/9/2024
86,3,6/4/2022
1416,11,12/6/2022
867,3,7/12/2024
668,29,1/23/2022
632,29,1/8/2023
824,18,6/1/2024
922,10,5/15/2024
138,49,4/4/2024
637,45,2/27/2023
15,50,7/7/2023
560,20,8/23/2024
836,8,11/1/2024
355,26,12/26/2023
1043,42,12/10/2022
128,13,3/12/2023
600,20,3/1/2023
1336,3,8/27/2023
649,14,12/28/2024
919,13,11/16/2022
662,12,3/21/2022
1189,50,11/20/2024
854,29,11/7/2023
596,43,6/7/2023
801,23,2/11/2024
285,20,2/26/2022
449,46,5/14/2022
770,28,2/17/2024
904,32,7/3/2023
935,17,8/31/2024
191,49,10/20/2024
107,5,2/7/2023
1399,34,6/18/2022
872,42,9/17/2024
1437,14,7/18/2023
823,47,2/15/2022
248,16,12/10/2023
803,24,3/27/2023
578,26,11/8/2022
363,3,6/5/2023
676,13,2/13/2022
321,5,11/15/2023
1044,43,7/25/2022
421,47,10/2/2023
1473,2,6/14/2022
370,9,7/19/2022
754,22,10/4/2022
98,21,5/26/2024
14,4,5/10/2022
873,18,11/3/2022
118,37,12/11/2022
1018,42,11/23/2022
1475,11,5/27/2023
725,50,5/8/2023
199,39,11/15/2023
1005,14,7/26/2022
1393,21,11/26/2024
811,38,7/23/2022
1271,42,7/15/2023
1366,27,8/16/2024
302,24,2/27/2022
1342,47,1/2/2024
1061,32,2/28/2023
1058,23,1/10/2022
1123,13,10/4/2024
549,3,12/11/2024
796,6,2/13/2023
1024,7,2/23/2024
1377,15,9/30/2023
1161,20,8/2/2022
1211,39,5/24/2024
366,45,6/14/2022
533,41,3/25/2023
1181,12,11/19/2024
15,30,5/9/2024
379,20,3/8/2023
797,41,11/19/2023
542,31,9/13/2024
1030,13,10/24/2024
1387,43,3/4/2024
1403,34,8/26/2024
40,17,2/21/2024
139,27,1/16/2022
587,6,12/16/2023
950,20,5/2/2022
1234,25,6/12/2024
835,49,2/10/2024
878,49,2/9/2023
1148,8,8/22/2023
1357,5,9/3/2023
1048,5,4/28/2023
389,26,1/8/2024
918,5,5/1/2024
1295,24,8/14/2023
41,34,11/8/2023
283,43,11/27/2022
68,22,4/12/2022
179,44,10/16/2024
733,29,12/1/2023
113,3,6/7/2022
811,42,12/20/2022
152,7,1/11/2023
1039,9,7/3/2022
684,47,10/4/2023
1077,18,3/11/2023
22,49,11/1/2023
136,31,4/11/2024
962,36,8/11/2022
40,13,11/27/2022
618,8,12/19/2024
31,5,9/26/2022
1444,34,1/31/2023
285,33,10/2/2024
1213,13,7/29/2024
1157,36,4/25/2022
504,24,4/16/2024
84,28,4/16/2023
346,21,5/7/2023
1142,41,3/24/2023
1488,9,1/26/2022
805,40,2/13/2022
177,27,1/1/2023
1465,47,10/27/2024
634,4,6/20/2024
832,29,10/31/2023
1421,45,11/10/2024
1113,46,10/29/2024
583,13,7/17/2022
1225,12,5/19/2023
728,22,1/19/2023
1474,37,11/28/2024
1235,49,2/9/2022
838,35,5/21/2024
205,1,4/22/2024
562,47,9/15/2023
1492,32,9/26/2022
958,35,11/5/2023
1404,27,4/1/2023
1330,4,1/25/2022
1033,32,11/23/2024
1464,9,8/14/2023
1024,21,1/13/2023
653,9,3/28/2023
412,47,5/17/2024
379,18,12/15/2024
1032,34,7/24/2023
316,48,11/12/2024
1046,35,5/10/2023
296,18,12/21/2022
434,27,9/16/2022
738,8,5/28/2024
376,10,11/17/2022
1059,7,5/10/2024
931,19,7/27/2022
234,3,2/22/2023
947,46,1/22/2022
137,42,4/3/2022
509,1,9/18/2023
36,13,9/13/2023
152,47,11/27/2023
236,50,9/12/2022
871,6,1/7/2024
1466,40,1/25/2023
1179,27,9/8/2022
958,49,11/26/2024
98,18,2/17/2023
862,16,6/23/2022
930,18,6/4/2024
1172,7,10/29/2022
35,17,12/10/2023
526,30,5/13/2022
373,27,11/8/2022
1196,15,11/14/2022
680,6,6/11/2024
916,7,3/31/2024
1087,46,5/31/2022
103,19,10/4/2023
1420,3,4/13/2023
1011,30,7/8/2022
55,21,1/7/2022
1086,8,8/21/2023
974,15,6/10/2023
159,20,11/6/2024
1145,25,4/25/2022
1482,3,5/20/2023
1470,35,10/31/2023
1018,35,10/16/2024
949,21,2/7/2023
1060,26,1/20/2022
165,40,12/4/2023
416,6,12/14/2023
813,20,12/2/2022
1336,16,4/9/2024
1218,24,8/17/2024
383,48,6/4/2023
723,48,2/17/2023
71,50,11/3/2022
124,36,9/5/2022
529,39,5/16/2022
1380,18,4/5/2023
326,20,5/8/2022
479,34,5/29/2023
252,40,11/5/2024
1212,9,6/13/2022
642,3,2/28/2023
1462,47,8/5/2023
520,39,12/17/2023
260,40,12/18/2024
340,34,9/25/2023
1014,35,2/3/2023
13,46,12/10/2022
1396,31,11/27/2023
107,49,10/29/2024
809,14,6/18/2023
915,22,3/5/2024
93,50,10/11/2024
135,49,1/13/2024
1479,25,2/17/2022
870,11,2/28/2023
457,35,6/4/2023
1211,23,3/30/2022
1288,48,6/3/2024
347,47,7/9/2022
478,15,11/12/2024
1461,34,9/15/2023
310,33,4/25/2024
71,50,6/14/2022
1237,9,11/11/2022
1287,47,6/19/2023
587,27,11/22/2022
438,5,1/26/2024
656,24,8/18/2024
1053,33,1/2/2024
191,14,5/30/2023
765,16,10/15/2024
246,31,3/5/2024
1339,6,8/19/2024
973,14,8/12/2024
1406,2,10/26/2022
450,13,1/29/2024
192,47,12/7/2024
373,43,10/15/2022
658,38,6/14/2024
536,13,2/12/2023
474,25,1/31/2023
926,32,2/10/2024
834,9,11/27/2024
634,1,3/14/2023
1228,27,5/11/2024
585,17,12/12/2024
1430,18,5/19/2022
1382,36,8/16/2024
972,16,7/25/2023
173,28,11/4/2023
682,37,7/10/2024
842,39,9/4/2022
923,42,12/4/2023
170,14,8/10/2022
59,17,10/21/2024
1079,45,10/14/2022
390,39,4/19/2022
448,2,1/26/2024
1120,26,2/27/2022
480,40,4/3/2023
865,30,6/11/2024
346,21,8/6/2024
860,39,2/11/2023
1297,36,10/6/2024
215,15,10/17/2023
783,16,7/25/2023
1383,48,2/20/2024
1285,46,10/4/2024
345,5,8/29/2024
101,36,6/29/2023
352,3,9/19/2023
1311,40,10/31/2023
427,10,8/9/2024
963,13,7/27/2024
715,45,4/18/2023
673,5,9/30/2022
1082,16,8/27/2022
953,35,7/25/2024
1010,37,3/18/2022
561,6,3/8/2022
793,18,12/2/2023
797,15,2/25/2024
306,6,2/18/2022
922,29,7/26/2024
797,9,2/19/2023
793,17,4/6/2023
1040,24,4/27/2023
729,49,7/12/2023
578,21,5/6/2024
709,3,8/29/2024
914,42,5/28/2023
461,1,5/22/2023
200,26,10/2/2022
1309,8,10/25/2022
158,20,7/25/2024
384,26,8/23/2023
7,27,5/29/2023
322,10,6/17/2023
1193,8,11/27/2024
1042,39,4/8/2022
775,4,11/12/2024
670,19,1/21/2022
918,45,9/9/2023
440,26,12/31/2024
1422,35,3/10/2023
90,40,2/13/2022
52,20,3/18/2023
1166,20,7/26/2023
1457,44,8/1/2022
568,7,5/3/2024
1464,19,10/7/2024
570,19,5/25/2024
998,38,1/17/2023
240,13,12/16/2024
1308,48,8/14/2024
1465,41,6/13/2023
861,32,12/21/2022
1297,39,3/31/2024
1111,17,1/18/2024
598,9,9/25/2023
255,41,11/21/2022
836,15,8/21/2023
1259,36,3/14/2022
1018,50,5/29/2022
1037,14,12/21/2024
1295,5,1/19/2023
430,46,4/17/2022
248,38,8/20/2022
134,11,8/3/2024
309,24,8/10/2023
744,10,6/15/2024
1135,42,8/25/2023
602,15,9/10/2024
82,48,3/10/2023
922,41,3/16/2023
170,37,5/22/2024
1218,21,9/18/2024
1202,27,4/7/2024
349,19,11/7/2023
793,24,12/20/2024
623,49,5/4/2022
1252,37,5/16/2022
1138,19,12/23/2023
555,7,3/25/2024
576,23,10/7/2024
1175,35,10/22/2024
820,25,1/28/2023
130,12,3/13/2024
318,4,8/2/2023
1115,49,2/18/2022
1158,41,1/11/2023
181,35,6/17/2023
874,43,2/3/2022
635,9,5/1/2022
521,22,12/5/2023
1406,14,6/23/2024
210,42,5/19/2024
2,32,5/4/2022
291,25,10/27/2022
82,49,3/12/2022
1434,39,11/15/2022
993,46,4/8/2022
191,29,10/31/2023
233,21,6/6/2023
511,33,4/26/2023
1276,5,12/18/2024
318,28,1/19/2022
1150,18,1/16/2022
1100,13,10/3/2022
821,41,1/4/2024
645,12,5/18/2024
1342,38,1/30/2024
971,45,7/10/2024
630,15,5/20/2024
197,44,1/11/2022
776,10,4/11/2023
1064,33,1/18/2022
1122,8,5/10/2023
1306,37,3/9/2022
523,31,8/26/2024
892,8,7/25/2023
321,44,7/26/2023
843,12,5/30/2022
724,21,5/15/2023
1440,18,10/25/2022
834,3,2/6/2022
166,27,6/7/2024
262,41,2/28/2022
1261,28,10/12/2024
1353,37,12/1/2023
764,38,9/20/2024
213,28,5/21/2022
371,18,8/31/2022
1500,23,6/25/2024
1217,13,11/28/2024
1295,25,12/3/2022
1075,11,7/18/2022
328,42,8/28/2024
529,38,11/25/2024
101,7,5/10/2022
1023,39,1/29/2024
134,44,6/12/2024
963,29,7/3/2024
535,41,8/13/2024
1321,1,7/16/2022
1473,10,12/29/2023
1490,41,5/4/2023
1350,30,3/27/2024
80,2,6/9/2022
1004,12,10/23/2024
766,12,12/22/2024
854,10,3/6/2023
16,11,6/16/2022
1168,11,5/13/2022
1359,33,10/26/2023
1258,34,11/16/2024
1346,32,4/19/2024
224,40,7/8/2024
621,35,6/17/2024
1172,50,3/11/2024
493,18,7/4/2023
1342,19,6/20/2022
1326,7,8/24/2024
1494,23,1/24/2023
44,38,10/31/2023
148,44,9/2/2024
405,48,3/29/2023
491,22,4/8/2023
308,26,6/1/2024
737,25,11/6/2022
564,37,12/11/2024
171,48,11/1/2022
1230,28,4/6/2022
1070,34,3/24/2022
736,6,6/19/2023
859,42,7/7/2022
1136,19,6/3/2022
1122,34,6/21/2024
246,9,11/16/2022
15,17,4/27/2022
601,27,8/5/2022
679,48,12/8/2024
1443,46,1/22/2022
609,23,12/16/2022
1059,18,12/2/2024
480,45,2/23/2023
1368,20,1/11/2023
1452,20,1/18/2022
1425,19,12/9/2022
137,8,9/14/2023
1048,13,11/26/2022
1254,36,12/29/2023
415,27,3/18/2023
1056,39,10/6/2022
1055,42,7/26/2023
839,22,7/22/2022
145,29,11/7/2023
251,32,4/29/2023
239,37,9/2/2024
194,25,4/11/2023
1240,17,2/8/2024
394,44,7/10/2024
1006,36,11/7/2022
220,7,2/3/2023
58,16,7/7/2022
387,36,7/30/2023
71,44,7/16/2022
1208,13,6/23/2022
1090,1,3/15/2024
426,40,4/25/2024
1479,19,3/18/2022
1309,48,11/11/2023
1213,36,5/1/2023
988,11,3/11/2023
20,38,7/1/2022
309,45,6/27/2024
887,10,11/28/2023
332,38,6/10/2023
842,35,5/29/2022
1003,11,11/30/2022
1260,16,3/8/2023
1215,1,9/9/2022
1098,18,10/13/2024
372,22,3/13/2023
1312,42,12/16/2024
1029,42,1/8/2023
1111,16,9/18/2023
798,38,10/6/2022
472,10,2/23/2023
726,25,12/19/2023
1079,27,5/30/2023
1323,24,9/27/2022
447,31,6/13/2024
